pdb_id,chain,uniprot_acc,seq_len,cdr3_aa,cdr3_len,cdr3_uniprot_positions,cdr3_saltbridge_mask,method,status,label
1FYT,D,,198,AVSESPFGNEKLT,13,91;92;93;94;95;96;97;98;99;100;101;102;103,...*.....*...,full,ok,TCR_ALPHA
1YMM,D,,96,ATDTTSGTYKYI,12,82;83;84;85;86;87;88;89;90;91;92;93,............,full,ok,TCR_ALPHA
1ZGL,M,,178,ALSGGDSSYKLI,12,90;91;92;93;94;95;96;97;98;99;100;101,............,full,ok,TCR_ALPHA
2IAM,C,,198,AALIQGAQKLV,11,87;88;89;90;91;92;93;94;95;96;97,...........,full,ok,TCR_ALPHA
3O6F,C,,191,TVYGGATNKLI,11,88;89;90;91;92;93;94;95;96;97;98,...........,full,ok,TCR_ALPHA
3PL6,C,,191,AASSFGNEKLT,11,90;91;92;93;94;95;96;97;98;99;100,.......*...,full,ok,TCR_ALPHA
4GG6,E,,187,ILRDGRGGADGLT,13,87;88;89;90;91;92;93;94;95;96;97;98;99,.............,full,ok,TCR_ALPHA
4OZF,G,,193,IAFQGAQKLV,10,87;88;89;90;91;92;93;94;95;96,..........,full,ok,TCR_ALPHA
4OZG,E,,194,IVLGGADGLT,10,87;88;89;90;91;92;93;94;95;96,..........,full,ok,TCR_ALPHA
4OZH,E,,195,IVWGGATNKLI,11,87;88;89;90;91;92;93;94;95;96;97,...........,full,ok,TCR_ALPHA
4OZI,E,,199,LVGDGGSFSGGYNKLI,16,87;88;89;90;91;92;93;94;95;96;97;98;99;100;101;102,................,full,ok,TCR_ALPHA
4P4K,C,,204,ALSLYSGAGSYQLT,14,90;91;92;93;94;95;96;97;98;99;100;101;102;103,..............,full,ok,TCR_ALPHA
4Y19,D,,205,AASVYAGGTSYGKLT,15,91;92;93;94;95;96;97;98;99;100;101;102;103;104;105,...............,full,ok,TCR_ALPHA
4Y1A,D,,205,AASSSAGGTSYGKLT,15,91;92;93;94;95;96;97;98;99;100;101;102;103;104;105,...............,full,ok,TCR_ALPHA
4Z7U,E,,198,ILRDRSNQFY,10,89;90;91;92;93;94;95;96;97;98,..........,full,ok,TCR_ALPHA
4Z7V,E,,199,ILRDSRAQKLV,11,89;90;91;92;93;94;95;96;97;98;99,...........,full,ok,TCR_ALPHA
4Z7W,E,,199,AVGETGANNLF,11,91;92;93;94;95;96;97;98;99;100;101,...........,full,ok,TCR_ALPHA
5KS9,E,,193,AVALNNNAGNMLT,13,87;88;89;90;91;92;93;94;95;96;97;98;99,.............,full,ok,TCR_ALPHA
5KSA,C,,195,AVQFMDSNYQLI,12,89;90;91;92;93;94;95;96;97;98;99;100,............,full,ok,TCR_ALPHA
5KSB,E,,200,AVQASGGSYIPT,12,88;89;90;91;92;93;94;95;96;97;98;99,............,full,ok,TCR_ALPHA
6CQL,D,,200,AFKAAGNKLT,10,90;91;92;93;94;95;96;97;98;99,..........,full,ok,TCR_ALPHA
6DFX,G,,194,ATDAGYNQGGKLI,13,82;83;84;85;86;87;88;89;90;91;92;93;94,.............,full,ok,TCR_ALPHA
6PX6,D,,190,AVHTGARLM,9,91;92;93;94;95;96;97;98;99,.........,full,ok,TCR_ALPHA
6PY2,D,,191,ASPQGGSEKLV,11,90;91;92;93;94;95;96;97;98;99;100,.......*...,full,ok,TCR_ALPHA
6U3N,D,,199,AVGAGSNYQLI,11,91;92;93;94;95;96;97;98;99;100;101,...........,full,ok,TCR_ALPHA
6V0Y,D,,205,ALSDSGSFNKLT,12,92;93;94;95;96;97;98;99;100;101;102;103,............,full,ok,TCR_ALPHA
6V13,D,,203,ALSPSNTNKVV,11,91;92;93;94;95;96;97;98;99;100;101,...........,full,ok,TCR_ALPHA
6V19,D,,205,ALSDSSSFSKLV,12,92;93;94;95;96;97;98;99;100;101;102;103,............,full,ok,TCR_ALPHA
6XC9,D,,203,AFFGQGAQKLV,11,93;94;95;96;97;98;99;100;101;102;103,...........,full,ok,TCR_ALPHA
6XCO,D,,187,AVQAGGNNRLA,11,87;88;89;90;91;92;93;94;95;96;97,...........,full,ok,TCR_ALPHA
6XCP,D,,188,IVSHNAGNMLT,11,87;88;89;90;91;92;93;94;95;96;97,...........,full,ok,TCR_ALPHA
7SG0,D,,201,ALSGGTSYGKLT,12,90;91;92;93;94;95;96;97;98;99;100;101,............,full,ok,TCR_ALPHA
7SG1,D,,193,LVGGLARDMR,10,87;88;89;90;91;92;93;94;95;96,..........,full,ok,TCR_ALPHA
7T2B,D,,196,ATDKKGGATNKLI,13,82;83;84;85;86;87;88;89;90;91;92;93;94,.............,full,ok,TCR_ALPHA
7T2C,D,,185,LVGDTGFQKLV,11,88;89;90;91;92;93;94;95;96;97;98,...........,full,ok,TCR_ALPHA
7T2D,D,,201,ALSGSARQLT,10,93;94;95;96;97;98;99;100;101;102,......*...,full,ok,TCR_ALPHA
8PJG,D,,203,AVSEQDDKII,10,92;93;94;95;96;97;98;99;100;101,...*..**..,full,ok,TCR_ALPHA
8TRL,G,,199,IVNPANTGNQFY,12,87;88;89;90;91;92;93;94;95;96;97;98,............,full,ok,TCR_ALPHA
8TRQ,D,,205,ALGDHSGSWQLI,12,93;94;95;96;97;98;99;100;101;102;103;104,............,full,ok,TCR_ALPHA
8TRR,D,,198,ALGDTGNYKYV,11,93;94;95;96;97;98;99;100;101;102;103,.........*.,full,ok,TCR_ALPHA
8VCX,E,,238,ASSLERETQY,10,90;91;92;93;94;95;96;97;98;99,......*...,full,ok,TCR_ALPHA
8VD0,D,,202,IVRVAIEGSQGNLI,14,87;88;89;90;91;92;93;94;95;96;97;98;99;100,..............,full,ok,TCR_ALPHA
9EJG,D,,195,VVMGFQKLV,9,87;88;89;90;91;92;93;94;95,.........,full,ok,TCR_ALPHA
9NIG,E,,203,AGQDVGNTNAGKST,14,89;90;91;92;93;94;95;96;97;98;99;100;101;102,..............,full,ok,TCR_ALPHA
