"PDB ID","TCR Name","MHC Name","Release<BR>date","Epitope","TRAV gene","TRBV gene","Docking angle","Incident angle","Buried surface area","Shape complementarity","Kd"
"1FYT","HA1.7","HLA-DR1","2000-11-08","PKYVKQNTLKLAT","TRAV8-4","TRBV28","47.2","2.8","2086.4","0.56","50"
"1J8H","HA1.7","HLA-DR4","2002-03-13","PKYVKQNTLKLAT","TRAV8-4","TRBV28","48.9","1","2111.4","0.56","43"
"1YMM","","HLA-DR2b","2005-05-03","ENPVVHFFKNIVTPR","TRAV17","TRBV20-1","83.5","18","1993.2","0.51",""
"1ZGL","3A6","HLA-DR2a","2005-10-18","VHFFKNIVTPRTPGG","TRAV9-2","TRBV5-1","40.3","8.7","2224.7","0.61",""
"2IAM","E8","HLA-DR1","2007-04-03","GELIGILNAAKVPAD","TRAV22","TRBV6-6","44.4","15.6","2188.7","0.69",""
"2IAN","E8","HLA-DR1","2007-04-03","GELIGTLNAAKVPAD","TRAV22","TRBV6-6","44","15.5","2207.2","0.67",""
"2WBJ","","HLA-DR2b","2009-04-07","DFARVHFISALHGSG","TRAV17","TRBV20-1","80.3","19.6","2135.3","0.61","565"
"3O6F","MS2-3C8","HLA-DR4","2011-03-02","FSWGAEGQRPGFG","TRAV26-2","TRBV20-1","36.4","6","2038.3","0.64","5"
"3PL6","Hy.1B11","HLA-DQ1","2010-12-22","NPVVHFFKNIVTP","TRAV13-1","TRBV7-3","25.3","14.3","1628.5","0.62","14.3"
"3T0E","MS2-3C8","HLA-DR4","2012-03-07","FSWGAEGQRPGFGSGG","TRAV26-2","TRBV20-1","37.5","7.9","2252.4","0.54","10.1"
"4E41","G4","HLA-DR1","2012-08-29","GELIGILNAAKVPAD","TRAV22","TRBV5-8","46.6","17.3","2048.9","0.48","57.5"
"4GG6","SP3.4","HLA-DQ8","2012-10-24","SGEGSFQPSQENP","TRAV26-2","TRBV9","39.9","6.8","1719.1","0.57","11.4"
"4GRL","Hy.1B11","HLA-DQ1","2013-11-06","RLLMLFAKDVVSR","TRAV13-1","TRBV7-3","26.1","14.6","1792.7","0.65",""
"4H1L","ANi-2.3","HLA-DR52c","2012-11-14","QHIRCNIPKRISA","TRAV8-3","TRBV19","56","11.6","2124","0.59","38.3"
"4MAY","Hy.1B11","HLA-DQ1","2013-10-23","QLVHFVRDFAQ","TRAV13-1","TRBV7-3","25.5","14.3","1671.5","0.67",""
"4OZF","JR5.1","HLA-DQ2.5","2014-04-16","APQPELPYPQPGS","TRAV26-1","TRBV7-2","46.2","13.2","1723.1","0.68","79.4"
"4OZG","D2","HLA-DQ2.5","2014-04-16","APQPELPYPQPG","TRAV26-1","TRBV7-2","36.1","6.4","2098.8","0.7","15.8"
"4OZH","S16","HLA-DQ2.5","2014-04-16","APQPELPYPQPGS","TRAV26-1","TRBV7-2","36.2","5.8","2056.7","0.68","24.8"
"4OZI","S2","HLA-DQ2.5","2014-04-16","QPFPQPELPYP","TRAV4","TRBV20-1","46","21.9","2118.6","0.58","70"
"4P4K","hTCRav22","HLA-DP2","2014-07-16","QAFWIDLFETI","TRAV9-2","TRBV5-1","46.6","24.8","1918.6","0.57","4.6"
"4Y19","FS18","HLA-DR4","2015-09-23","GSLQPLALEGSLQKRGIV","TRAV29/DV5","TRBV6-2","136.9","43.2","1464.6","0.58",""
"4Y1A","FS17","HLA-DR4","2015-09-23","GSLQPLALEGSLQKRGIV","TRAV29/DV5","TRBV6-2","137.6","44.8","1338","0.45",""
"4Z7U","S13","HLA-DQ8","2015-06-03","APSGEGSFQPSQENPQGS","TRAV26-2","TRBV9","37.9","2.5","1913.8","0.72","1.05"
"4Z7V","L3-12","HLA-DQ8","2015-06-03","APSGEGSFQPSQENPQGS","TRAV26-2","TRBV9","39.6","5.1","1849.8","0.7","7"
"4Z7W","T316","HLA-DQ8","2015-06-03","APSGEGSFQPSQENPQGS","TRAV8-3","TRBV6-1","46.1","9","2303.4","0.69","2.1"
"5KS9","Bel502","HLA-DQ8","2016-09-21","APSGEGSFQPSQENPQ","TRAV20","TRBV9","39.5","8.5","2229.8","0.65","2.8"
"5KSA","Bel602","HLA-DQ8.5","2016-09-21","QPQQSFPEQEA","TRAV20","TRBV9","42.1","5.5","1856.6","0.78","4.7"
"5KSB","T15","HLA-DQ8.5","2016-09-21","GPQQSFPEQEA","TRAV20","TRBV9","33.8","11.8","2033.5","0.72","2"
"6CQL","F24","HLA-DR11","2018-06-06","RFYKTLRAEQASQ","TRAV24","TRBV2","34.3","5.5","1822.9","0.71","1.16"
"6CQN","F5","HLA-DR11","2018-06-06","RFYKTLRAEQASQ","TRAV24","TRBV2","33.7","5","1763","0.74","14.33"
"6CQQ","F24","HLA-DR15","2018-06-06","RFYKTLRAEQASQ","TRAV24","TRBV2","35.1","5.3","1806.7","0.69","6.9"
"6CQR","F24","HLA-DR1","2018-06-06","RFYKTLRAEQASQ","TRAV24","TRBV2","31.4","5.6","1957.8","0.68","10.56"
"6DFX","T1D3","HLA-DQ8","2019-04-17","VEELYLVAGEEGCGGGGSL","TRAV17","TRBV5-1","35.8","1.7","2138.6","0.69","20.5"
"6PX6","T1005.2.56","HLA-DQ2.2","2020-01-15","APFSEQEQPVLG","TRAV21","TRBV7-3","30.8","4","2056","0.63","22.17"
"6PY2","T594","HLA-DQ2.2","2020-01-15","APFSEQEQPVLG","TRAV9-2","TRBV11-2","53.3","14.6","1841.3","0.66","20.95"
"6R0E","F11","HLA-DR1","2020-07-15","PKYVKQNTLKLAT","TRAV8-4","TRBV24-1","48.6","2.9","2002.1","0.63","26.7"
"6U3N","LS2.8/3.15","HLA-DQ2.5","2019-12-18","APMPMPELPYP","TRAV8-3","TRBV5-5","34.6","12.2","2192.6","0.62","39.6"
"6U3O","JR5.1","HLA-DQ2.5","2019-12-18","AVVQSELPYPEGS","TRAV26-1","TRBV7-2","48.2","8.1","1824.9","0.68","83.7"
"6V0Y","M141","HLA-DR4","2020-11-25","GGYPAKAAAT","TRAV6D-6","TRBV4","24","16.7","2008.1","0.63","18.6"
"6V13","G08","HLA-DR4","2020-11-25","GGYRAPAKAAAT","TRAV6-5","TRBV4","25.9","16.4","1720.8","0.6","156.4"
"6V15","G08","HLA-DR4","2020-11-25","GGYPAKAAAT","TRAV6-5","TRBV4","26","16.1","1640","0.55","654.9"
"6V18","M141","HLA-DR4","2020-11-25","GGYRAPAKAAAT","TRAV6D-6","TRBV4","24","16.6","2052.5","0.65","18.6"
"6V19","M134","HLA-DR4","2020-11-25","GGYPAKAAAT","TRAV6D-6","TRBV4","24.5","16","1975.8","0.61","22.3"
"6V1A","M134","HLA-DR4","2020-11-25","GGYRAPAKAAAT","TRAV6D-6","TRBV4","25.5","16.8","1907.3","0.61","9.7"
"6XC9","A3.10","HLA-DQ8","2021-07-14","GQVELGGGNAVEVCKGS","TRAV38-1","TRBV5-1","32.3","9.9","2385.5","0.7","52.5"
"6XCO","A1.9","HLA-DQ8","2021-07-14","GQVELGGGNAVEVCK","TRAV20","TRBV5-1","35.5","7","2095","0.72","35.5"
"6XCP","A2.13","HLA-DQ8","2021-07-14","GQVELGGGNAVEVCKGS","TRAV26-1","TRBV5-1","34.9","5.3","2174.6","0.67","92.7"
"7SG0","W316","HLA-DQ2","2022-02-23","QPFPQPEQPFP","TRAV9-2","TRBV7-3","40.5","10.4","1983.6","0.7","121.6"
"7SG1","XPA5","HLA-DQ2","2022-02-23","QPFPQPELPYGSGGS","TRAV4","TRBV29-1","37.5","14.7","2308.9","0.57","43.9"
"7SG2","XPA5","HLA-DQ2","2022-02-23","QPFPQPEQPFPGS","TRAV4","TRBV29-1","37.1","14.3","2312.2","0.51","40.6"
"7T2B","5F","HLA-DP4","2022-12-28","ATGLAWEWWRTVYE","TRAV17","TRBV6-2","36.9","6.5","1912.9","0.49","15.54"
"7T2C","B5","HLA-DP4","2022-12-28","TGLAWEWWRTVY","TRAV4","TRBV20-1","52.4","13","2298.2","0.68","11.48"
"7T2D","B1","HLA-DP4","2022-12-28","ATGLAWEWWRTVYE","TRAV19","TRBV7-3","54.5","12.5","1798.4","0.57","14.93"
"8PJG","F11","HLA-DRB1","2024-06-19","PKYVKQNTLKLAR","TRAV8-4","TRBV24-1","48.7","2.9","2048.8","0.621",""
"8TRL","RA2.7","HLA-DR4","2024-07-31","EIFDSGNPTGEV","TRAV26-1","TRBV2","35.6","3.7","1898.4","0.69",""
"8TRQ","A07","HLA-DR4","2024-07-31","GVYATRSSAVRLR","TRAV6-6","TRBV19","32","8.7","NA","0.63",""
"8TRR","A03","HLA-DR4","2024-07-31","GVYATSSAVRL","TRAV6-6","TRBV13-3","38.8","9.5","2029.7","0.69",""
"8VCX","A2.13","HLA-DQ8","2024-08-07","GQVELGGGPGAESCQ","TRAV26-1","TRBV5-1","33","4.3","2198.8","0.63",""
"8VCY","A2.13","HLA-DQ8","2024-08-07","GQVELGGGSSPETCI","TRAV26-1","TRBV5-1","33.7","3.7","2126","0.74",""
"8VD0","ET650-4","HLA-DQ8","2024-08-07","GQVELGGGNAVEVCKG","TRAV26-1","TRBV5-1","43.4","12.9","NA","0.73",""
"8VD2","ET650-4","HLA-DQ8","2024-08-07","GQVELGGGTPIESC","TRAV26-1","TRBV5-1","40.3","5.2","2360.8","0.76",""
"9EJG","G9","HLA-DQ2","2025-03-26","QPFPQPEQPFP","TRAV12-1","TRBV5-1","147","118.9","NA","NA",""
"9EJH","G9","HLA-DQ2","2025-03-26","ATPLLMQALPMGA","TRAV12-1","TRBV5-1","146.7","118.7","NA","NA",""
"9EJI","G9","HLA-DQ2","2025-03-26","QPPASEQEQPVLP","TRAV12-1","TRBV5-1","153.3","123.8","1347.8","0.72",""
"9NIG","PB","HLA-DR4","2025-05-21","DRYRLNYSLPTGKK","TRAV35","TRBV10-2","50","9.8","1797.7","0.73",""