pdb_id	chain	uniprot_acc	seq_len	cdr3_aa	cdr3_len	cdr3_uniprot_positions	cdr3_saltbridge_mask	method	status	label	_pos	aligned_cdr3_aa	aligned_saltbridge_mask
1FYT	E		240	ASSSTGLPYGYT	12	90;91;92;93;94;95;96;97;98;99;100;101	............	full	ok	TCR_BETA	[90, 91, 92, 93, 94, 95, 96, 97, 98, 99, 100, 101]	----------ASSSTGLPYGYT---------	          ............         
1YMM	E		246	SARDLTSGANNEQF	14	95;96;97;98;99;100;101;102;103;104;105;106;107;108	..............	full	ok	TCR_BETA	[95, 96, 97, 98, 99, 100, 101, 102, 103, 104, 105, 106, 107, 108]	---------------SARDLTSGANNEQF--	               ..............  
1ZGL	P		242	ASSLADRVNTEAF	13	92;93;94;95;96;97;98;99;100;101;102;103;104	........*....	full	ok	TCR_BETA	[92, 93, 94, 95, 96, 97, 98, 99, 100, 101, 102, 103, 104]	------------ASSLADRVNTEAF------	            ........*....      
2IAM	D		239	ASTYHGTGY	9	91;92;93;94;95;96;97;98;99	.........	full	ok	TCR_BETA	[91, 92, 93, 94, 95, 96, 97, 98, 99]	-----------ASTYHGTGY-----------	           .........           
3O6F	D		245	SARGGSYNSPLH	12	93;94;95;96;97;98;99;100;101;102;103;104	............	full	ok	TCR_BETA	[93, 94, 95, 96, 97, 98, 99, 100, 101, 102, 103, 104]	-------------SARGGSYNSPLH------	             ............      
3PL6	D		257	ATSALGDTQY	10	93;94;95;96;97;98;99;100;101;102	..........	full	ok	TCR_BETA	[93, 94, 95, 96, 97, 98, 99, 100, 101, 102]	-------------ATSALGDTQY--------	             ..........        
4GG6	F		243	ASSVAVSAGTYEQY	14	91;92;93;94;95;96;97;98;99;100;101;102;103;104	..............	full	ok	TCR_BETA	[91, 92, 93, 94, 95, 96, 97, 98, 99, 100, 101, 102, 103, 104]	-----------ASSVAVSAGTYEQY------	           ..............      
4OZF	H		242	ASSFRALAADTQY	13	91;92;93;94;95;96;97;98;99;100;101;102;103	.........*...	full	ok	TCR_BETA	[91, 92, 93, 94, 95, 96, 97, 98, 99, 100, 101, 102, 103]	-----------ASSFRALAADTQY-------	           .........*...       
4OZG	F		240	ASSFRFTDTQY	11	91;92;93;94;95;96;97;98;99;100;101	.......*...	full	ok	TCR_BETA	[91, 92, 93, 94, 95, 96, 97, 98, 99, 100, 101]	-----------ASSFRFTDTQY---------	           .......*...         
4OZH	F		240	ASSVRSTDTQY	11	91;92;93;94;95;96;97;98;99;100;101	...........	full	ok	TCR_BETA	[91, 92, 93, 94, 95, 96, 97, 98, 99, 100, 101]	-----------ASSVRSTDTQY---------	           ...........         
4OZI	F		243	SAGVGGQETQY	11	94;95;96;97;98;99;100;101;102;103;104	...........	full	ok	TCR_BETA	[94, 95, 96, 97, 98, 99, 100, 101, 102, 103, 104]	--------------SAGVGGQETQY------	              ...........      
4P4K	D		241	ASSLAQGGETQY	12	90;91;92;93;94;95;96;97;98;99;100;101	........*...	full	ok	TCR_BETA	[90, 91, 92, 93, 94, 95, 96, 97, 98, 99, 100, 101]	----------ASSLAQGGETQY---------	          ........*...         
4Y19	E		241	ASRPRRDNEQF	11	91;92;93;94;95;96;97;98;99;100;101	...........	full	ok	TCR_BETA	[91, 92, 93, 94, 95, 96, 97, 98, 99, 100, 101]	-----------ASRPRRDNEQF---------	           ...........         
4Y1A	E		240	ASRPRDPVTQY	11	91;92;93;94;95;96;97;98;99;100;101	...........	full	ok	TCR_BETA	[91, 92, 93, 94, 95, 96, 97, 98, 99, 100, 101]	-----------ASRPRDPVTQY---------	           ...........         
4Z7U	F		244	ASSTTPGTGTETQY	14	92;93;94;95;96;97;98;99;100;101;102;103;104;105	..............	full	ok	TCR_BETA	[92, 93, 94, 95, 96, 97, 98, 99, 100, 101, 102, 103, 104, 105]	------------ASSTTPGTGTETQY-----	            ..............     
4Z7V	F		243	ASSAGTSGEYEQY	13	92;93;94;95;96;97;98;99;100;101;102;103;104	........*....	full	ok	TCR_BETA	[92, 93, 94, 95, 96, 97, 98, 99, 100, 101, 102, 103, 104]	------------ASSAGTSGEYEQY------	            ........*....      
4Z7W	F		241	ASSEARRYNEQF	12	90;91;92;93;94;95;96;97;98;99;100;101	...*........	full	ok	TCR_BETA	[90, 91, 92, 93, 94, 95, 96, 97, 98, 99, 100, 101]	----------ASSEARRYNEQF---------	          ...*........         
5KS9	F		240	ASSVAPGSDTQY	12	90;91;92;93;94;95;96;97;98;99;100;101	............	full	ok	TCR_BETA	[90, 91, 92, 93, 94, 95, 96, 97, 98, 99, 100, 101]	----------ASSVAPGSDTQY---------	          ............         
5KSA	D		242	ASSVAGTPSYEQY	13	90;91;92;93;94;95;96;97;98;99;100;101;102	.............	full	ok	TCR_BETA	[90, 91, 92, 93, 94, 95, 96, 97, 98, 99, 100, 101, 102]	----------ASSVAGTPSYEQY--------	          .............        
5KSB	F		241	ASSNRGLGTDTQY	13	90;91;92;93;94;95;96;97;98;99;100;101;102	....*....*...	full	ok	TCR_BETA	[90, 91, 92, 93, 94, 95, 96, 97, 98, 99, 100, 101, 102]	----------ASSNRGLGTDTQY--------	          ....*....*...        
6CQL	E		244	ASSRLAGGMDEQF	13	92;93;94;95;96;97;98;99;100;101;102;103;104	.............	full	ok	TCR_BETA	[92, 93, 94, 95, 96, 97, 98, 99, 100, 101, 102, 103, 104]	------------ASSRLAGGMDEQF------	            .............      
6CQN	E		244	ASSGLAGGMDEQF	13	92;93;94;95;96;97;98;99;100;101;102;103;104	.............	full	ok	TCR_BETA	[92, 93, 94, 95, 96, 97, 98, 99, 100, 101, 102, 103, 104]	------------ASSGLAGGMDEQF------	            .............      
6DFX	H		237	ASSAGNTIY	9	90;91;92;93;94;95;96;97;98	.........	full	ok	TCR_BETA	[90, 91, 92, 93, 94, 95, 96, 97, 98]	----------ASSAGNTIY------------	          .........            
6PX6	E		241	ASSHGASTDTQY	12	91;92;93;94;95;96;97;98;99;100;101;102	........*...	full	ok	TCR_BETA	[91, 92, 93, 94, 95, 96, 97, 98, 99, 100, 101, 102]	-----------ASSHGASTDTQY--------	           ........*...        
6PY2	E		243	ASSSGGWGGGTEAF	14	91;92;93;94;95;96;97;98;99;100;101;102;103;104	..............	full	ok	TCR_BETA	[91, 92, 93, 94, 95, 96, 97, 98, 99, 100, 101, 102, 103, 104]	-----------ASSSGGWGGGTEAF------	           ..............      
6U3N	E		242	ASSLEGQGASEQF	13	90;91;92;93;94;95;96;97;98;99;100;101;102	.............	full	ok	TCR_BETA	[90, 91, 92, 93, 94, 95, 96, 97, 98, 99, 100, 101, 102]	----------ASSLEGQGASEQF--------	          .............        
6V0Y	E		242	ASSLDWGGQNTLY	13	90;91;92;93;94;95;96;97;98;99;100;101;102	....*........	full	ok	TCR_BETA	[90, 91, 92, 93, 94, 95, 96, 97, 98, 99, 100, 101, 102]	----------ASSLDWGGQNTLY--------	          ....*........        
6V13	E		241	ASSLDWGVNTLY	12	90;91;92;93;94;95;96;97;98;99;100;101	............	full	ok	TCR_BETA	[90, 91, 92, 93, 94, 95, 96, 97, 98, 99, 100, 101]	----------ASSLDWGVNTLY---------	          ............         
6V19	E		242	ASSLDWASQNTLY	13	90;91;92;93;94;95;96;97;98;99;100;101;102	.............	full	ok	TCR_BETA	[90, 91, 92, 93, 94, 95, 96, 97, 98, 99, 100, 101, 102]	----------ASSLDWASQNTLY--------	          .............        
6XC9	E		244	ASSLSASGGATDTQY	15	90;91;92;93;94;95;96;97;98;99;100;101;102;103;104	...........*...	full	ok	TCR_BETA	[90, 91, 92, 93, 94, 95, 96, 97, 98, 99, 100, 101, 102, 103, 104]	----------ASSLSASGGATDTQY------	          ...........*...      
6XCO	E		238	ASSLERDGYT	10	90;91;92;93;94;95;96;97;98;99	......*...	full	ok	TCR_BETA	[90, 91, 92, 93, 94, 95, 96, 97, 98, 99]	----------ASSLERDGYT-----------	          ......*...           
6XCP	E		239	ASSLERETQY	10	90;91;92;93;94;95;96;97;98;99	......*...	full	ok	TCR_BETA	[90, 91, 92, 93, 94, 95, 96, 97, 98, 99]	----------ASSLERETQY-----------	          ......*...           
7SG0	E		238	ASSQGQDTEAF	11	89;90;91;92;93;94;95;96;97;98;99	......*....	full	ok	TCR_BETA	[89, 90, 91, 92, 93, 94, 95, 96, 97, 98, 99]	---------ASSQGQDTEAF-----------	         ......*....           
7SG1	E		244	SVALGSDTGELF	12	93;94;95;96;97;98;99;100;101;102;103;104	......*.....	full	ok	TCR_BETA	[93, 94, 95, 96, 97, 98, 99, 100, 101, 102, 103, 104]	-------------SVALGSDTGELF------	             ......*.....      
7T2B	E		239	ASSQGGGEQY	10	90;91;92;93;94;95;96;97;98;99	..........	full	ok	TCR_BETA	[90, 91, 92, 93, 94, 95, 96, 97, 98, 99]	----------ASSQGGGEQY-----------	          ..........           
7T2C	E		248	SARDPGGGGSSYEQY	15	94;95;96;97;98;99;100;101;102;103;104;105;106;107;108	...............	full	ok	TCR_BETA	[94, 95, 96, 97, 98, 99, 100, 101, 102, 103, 104, 105, 106, 107, 108]	--------------SARDPGGGGSSYEQY--	              ...............  
7T2D	E		235	ASSHREGETQY	11	84;85;86;87;88;89;90;91;92;93;94	.....**....	full	ok	TCR_BETA	[84, 85, 86, 87, 88, 89, 90, 91, 92, 93, 94]	----ASSHREGETQY----------------	    .....**....                
8PJG	E		240	ATSDESYGYT	10	91;92;93;94;95;96;97;98;99;100	..........	full	ok	TCR_BETA	[91, 92, 93, 94, 95, 96, 97, 98, 99, 100]	-----------ATSDESYGYT----------	           ..........          
8TRL	H		244	ASRRDYFSYEQY	12	93;94;95;96;97;98;99;100;101;102;103;104	............	full	ok	TCR_BETA	[93, 94, 95, 96, 97, 98, 99, 100, 101, 102, 103, 104]	-------------ASRRDYFSYEQY------	             ............      
8TRQ	E		243	ASSLRTGANSDYT	13	92;93;94;95;96;97;98;99;100;101;102;103;104	.............	full	ok	TCR_BETA	[92, 93, 94, 95, 96, 97, 98, 99, 100, 101, 102, 103, 104]	------------ASSLRTGANSDYT------	            .............      
8TRR	E		242	ASSAVNSGNTLY	12	91;92;93;94;95;96;97;98;99;100;101;102	............	full	ok	TCR_BETA	[91, 92, 93, 94, 95, 96, 97, 98, 99, 100, 101, 102]	-----------ASSAVNSGNTLY--------	           ............        
8VD0	E		240	ASSLRRGDTIY	11	90;91;92;93;94;95;96;97;98;99;100	.......*...	full	ok	TCR_BETA	[90, 91, 92, 93, 94, 95, 96, 97, 98, 99, 100]	----------ASSLRRGDTIY----------	          .......*...          
9EJG	E		240	ASSLRAESGELF	12	90;91;92;93;94;95;96;97;98;99;100;101	............	full	ok	TCR_BETA	[90, 91, 92, 93, 94, 95, 96, 97, 98, 99, 100, 101]	----------ASSLRAESGELF---------	          ............         
9NIG	F		238	ASSGVPPVQF	10	90;91;92;93;94;95;96;97;98;99	..........	full	ok	TCR_BETA	[90, 91, 92, 93, 94, 95, 96, 97, 98, 99]	----------ASSGVPPVQF-----------	          ..........           
