pdb_id,chain,uniprot_acc,seq_len,cdr3_aa,cdr3_len,cdr3_uniprot_positions,cdr3_saltbridge_mask,method,status
1FYT,D,,198,AVSESPFGNEKLT,13,91;92;93;94;95;96;97;98;99;100;101;102;103,...*.....*...,full,ok
1FYT,E,,240,ASSSTGLPYGYT,12,90;91;92;93;94;95;96;97;98;99;100;101,............,full,ok
1J8H,D,,198,AVSESPFGNEKLT,13,91;92;93;94;95;96;97;98;99;100;101;102;103,...*.....*...,full,ok
1J8H,E,,241,ASSSTGLPYGYT,12,91;92;93;94;95;96;97;98;99;100;101;102,............,full,ok
1YMM,D,,96,ATDTTSGTYKYI,12,82;83;84;85;86;87;88;89;90;91;92;93,............,full,ok
1YMM,E,,246,SARDLTSGANNEQF,14,95;96;97;98;99;100;101;102;103;104;105;106;107;108,..............,full,ok
1ZGL,M,,178,ALSGGDSSYKLI,12,90;91;92;93;94;95;96;97;98;99;100;101,............,full,ok
1ZGL,P,,242,ASSLADRVNTEAF,13,92;93;94;95;96;97;98;99;100;101;102;103;104,........*....,full,ok
1ZGL,Q,,187,ALSGGDSSYKLI,12,91;92;93;94;95;96;97;98;99;100;101;102,............,full,ok
1ZGL,R,,238,ASSLADRVNTEAF,13,92;93;94;95;96;97;98;99;100;101;102;103;104,.......*.....,full,ok
1ZGL,S,,176,ALSGGDSSYKLI,12,90;91;92;93;94;95;96;97;98;99;100;101,............,full,ok
1ZGL,T,,226,ASSLADRVNTEAF,13,92;93;94;95;96;97;98;99;100;101;102;103;104,........*....,full,ok
1ZGL,U,,195,ALSGGDSSYKLI,12,91;92;93;94;95;96;97;98;99;100;101;102,............,full,ok
1ZGL,V,,242,ASSLADRVNTEAF,13,92;93;94;95;96;97;98;99;100;101;102;103;104,.......*.....,full,ok
2IAM,C,,198,AALIQGAQKLV,11,87;88;89;90;91;92;93;94;95;96;97,...........,full,ok
2IAM,D,,239,ASTYHGTGY,9,91;92;93;94;95;96;97;98;99,.........,full,ok
2IAN,D,,198,AALIQGAQKLV,11,87;88;89;90;91;92;93;94;95;96;97,...........,full,ok
2IAN,E,,238,ASTYHGTGY,9,90;91;92;93;94;95;96;97;98,.........,full,ok
2IAN,I,,198,AALIQGAQKLV,11,87;88;89;90;91;92;93;94;95;96;97,...........,full,ok
2IAN,J,,239,ASTYHGTGY,9,91;92;93;94;95;96;97;98;99,.........,full,ok
2IAN,N,,198,AALIQGAQKLV,11,87;88;89;90;91;92;93;94;95;96;97,...........,full,ok
2IAN,O,,238,ASTYHGTGY,9,90;91;92;93;94;95;96;97;98,.........,full,ok
2IAN,S,,198,AALIQGAQKLV,11,87;88;89;90;91;92;93;94;95;96;97,...........,full,ok
2IAN,T,,238,ASTYHGTGY,9,90;91;92;93;94;95;96;97;98,.........,full,ok
3O6F,C,,191,TVYGGATNKLI,11,88;89;90;91;92;93;94;95;96;97;98,...........,full,ok
3O6F,D,,245,SARGGSYNSPLH,12,93;94;95;96;97;98;99;100;101;102;103;104,............,full,ok
3O6F,G,,188,TVYGGATNKLI,11,88;89;90;91;92;93;94;95;96;97;98,........*..,full,ok
3O6F,H,,243,SARGGSYNSPLH,12,93;94;95;96;97;98;99;100;101;102;103;104,............,full,ok
3PL6,C,,191,AASSFGNEKLT,11,90;91;92;93;94;95;96;97;98;99;100,.......*...,full,ok
3PL6,D,,257,ATSALGDTQY,10,93;94;95;96;97;98;99;100;101;102,..........,full,ok
3T0E,C,,193,TVYGGATNKLI,11,88;89;90;91;92;93;94;95;96;97;98,...........,full,ok
3T0E,D,,245,SARGGSYNSPLH,12,93;94;95;96;97;98;99;100;101;102;103;104,............,full,ok
4GG6,E,,187,ILRDGRGGADGLT,13,87;88;89;90;91;92;93;94;95;96;97;98;99,.............,full,ok
4GG6,F,,243,ASSVAVSAGTYEQY,14,91;92;93;94;95;96;97;98;99;100;101;102;103;104,..............,full,ok
4GG6,G,,177,ILRDGRGGADGLT,13,87;88;89;90;91;92;93;94;95;96;97;98;99,.............,full,ok
4GG6,H,,243,ASSVAVSAGTYEQY,14,91;92;93;94;95;96;97;98;99;100;101;102;103;104,..............,full,ok
4GRL,C,,191,AASSFGNEKLT,11,90;91;92;93;94;95;96;97;98;99;100,.......*...,full,ok
4GRL,D,,257,ATSALGDTQY,10,93;94;95;96;97;98;99;100;101;102,..........,full,ok
4OZF,G,,193,IAFQGAQKLV,10,87;88;89;90;91;92;93;94;95;96,..........,full,ok
4OZF,H,,242,ASSFRALAADTQY,13,91;92;93;94;95;96;97;98;99;100;101;102;103,.........*...,full,ok
4OZG,E,,194,IVLGGADGLT,10,87;88;89;90;91;92;93;94;95;96,..........,full,ok
4OZG,F,,240,ASSFRFTDTQY,11,91;92;93;94;95;96;97;98;99;100;101,.......*...,full,ok
4OZG,G,,194,IVLGGADGLT,10,87;88;89;90;91;92;93;94;95;96,..........,full,ok
4OZG,H,,240,ASSFRFTDTQY,11,91;92;93;94;95;96;97;98;99;100;101,.......*...,full,ok
4OZH,E,,195,IVWGGATNKLI,11,87;88;89;90;91;92;93;94;95;96;97,...........,full,ok
4OZH,F,,240,ASSVRSTDTQY,11,91;92;93;94;95;96;97;98;99;100;101,...........,full,ok
4OZH,G,,195,IVWGGATNKLI,11,87;88;89;90;91;92;93;94;95;96;97,...........,full,ok
4OZH,H,,240,ASSVRSTDTQY,11,91;92;93;94;95;96;97;98;99;100;101,.......*...,full,ok
4OZI,E,,199,LVGDGGSFSGGYNKLI,16,87;88;89;90;91;92;93;94;95;96;97;98;99;100;101;102,................,full,ok
4OZI,F,,243,SAGVGGQETQY,11,94;95;96;97;98;99;100;101;102;103;104,...........,full,ok
4OZI,G,,199,LVGDGGSFSGGYNKLI,16,87;88;89;90;91;92;93;94;95;96;97;98;99;100;101;102,................,full,ok
4OZI,H,,243,SAGVGGQETQY,11,94;95;96;97;98;99;100;101;102;103;104,...........,full,ok
4P4K,C,,204,ALSLYSGAGSYQLT,14,90;91;92;93;94;95;96;97;98;99;100;101;102;103,..............,full,ok
4P4K,D,,241,ASSLAQGGETQY,12,90;91;92;93;94;95;96;97;98;99;100;101,........*...,full,ok
4P4K,G,,203,ALSLYSGAGSYQLT,14,89;90;91;92;93;94;95;96;97;98;99;100;101;102,..............,full,ok
4P4K,H,,239,ASSLAQGGETQY,12,90;91;92;93;94;95;96;97;98;99;100;101,........*...,full,ok
4Y19,D,,205,AASVYAGGTSYGKLT,15,91;92;93;94;95;96;97;98;99;100;101;102;103;104;105,...............,full,ok
4Y19,E,,241,ASRPRRDNEQF,11,91;92;93;94;95;96;97;98;99;100;101,...........,full,ok
4Y1A,D,,205,AASSSAGGTSYGKLT,15,91;92;93;94;95;96;97;98;99;100;101;102;103;104;105,...............,full,ok
4Y1A,E,,240,ASRPRDPVTQY,11,91;92;93;94;95;96;97;98;99;100;101,...........,full,ok
4Z7U,E,,198,ILRDRSNQFY,10,89;90;91;92;93;94;95;96;97;98,..........,full,ok
4Z7U,F,,244,ASSTTPGTGTETQY,14,92;93;94;95;96;97;98;99;100;101;102;103;104;105,..............,full,ok
4Z7U,G,,198,ILRDRSNQFY,10,89;90;91;92;93;94;95;96;97;98,..........,full,ok
4Z7U,H,,244,ASSTTPGTGTETQY,14,92;93;94;95;96;97;98;99;100;101;102;103;104;105,..............,full,ok
4Z7V,E,,199,ILRDSRAQKLV,11,89;90;91;92;93;94;95;96;97;98;99,...........,full,ok
4Z7V,F,,243,ASSAGTSGEYEQY,13,92;93;94;95;96;97;98;99;100;101;102;103;104,........*....,full,ok
4Z7V,G,,198,ILRDSRAQKLV,11,88;89;90;91;92;93;94;95;96;97;98,...........,full,ok
4Z7V,H,,242,ASSAGTSGEYEQY,13,91;92;93;94;95;96;97;98;99;100;101;102;103,........*....,full,ok
4Z7W,E,,199,AVGETGANNLF,11,91;92;93;94;95;96;97;98;99;100;101,...........,full,ok
4Z7W,F,,241,ASSEARRYNEQF,12,90;91;92;93;94;95;96;97;98;99;100;101,...*........,full,ok
4Z7W,G,,191,AVGETGANNLF,11,91;92;93;94;95;96;97;98;99;100;101,...........,full,ok
4Z7W,H,,239,ASSEARRYNEQF,12,90;91;92;93;94;95;96;97;98;99;100;101,...*........,full,ok
5KS9,E,,193,AVALNNNAGNMLT,13,87;88;89;90;91;92;93;94;95;96;97;98;99,.............,full,ok
5KS9,F,,240,ASSVAPGSDTQY,12,90;91;92;93;94;95;96;97;98;99;100;101,............,full,ok
5KS9,G,,192,AVALNNNAGNMLT,13,87;88;89;90;91;92;93;94;95;96;97;98;99,.............,full,ok
5KS9,H,,240,ASSVAPGSDTQY,12,90;91;92;93;94;95;96;97;98;99;100;101,............,full,ok
5KSA,C,,195,AVQFMDSNYQLI,12,89;90;91;92;93;94;95;96;97;98;99;100,............,full,ok
5KSA,D,,242,ASSVAGTPSYEQY,13,90;91;92;93;94;95;96;97;98;99;100;101;102,.............,full,ok
5KSB,E,,200,AVQASGGSYIPT,12,88;89;90;91;92;93;94;95;96;97;98;99,............,full,ok
5KSB,F,,241,ASSNRGLGTDTQY,13,90;91;92;93;94;95;96;97;98;99;100;101;102,....*....*...,full,ok
5KSB,G,,200,AVQASGGSYIPT,12,88;89;90;91;92;93;94;95;96;97;98;99,............,full,ok
5KSB,H,,241,ASSNRGLGTDTQY,13,90;91;92;93;94;95;96;97;98;99;100;101;102,....*....*...,full,ok
6CQL,D,,200,AFKAAGNKLT,10,90;91;92;93;94;95;96;97;98;99,..........,full,ok
6CQL,E,,244,ASSRLAGGMDEQF,13,92;93;94;95;96;97;98;99;100;101;102;103;104,.............,full,ok
6CQN,D,,200,AFKAAGNKLT,10,90;91;92;93;94;95;96;97;98;99,..........,full,ok
6CQN,E,,244,ASSGLAGGMDEQF,13,92;93;94;95;96;97;98;99;100;101;102;103;104,.............,full,ok
6CQQ,D,,200,AFKAAGNKLT,10,90;91;92;93;94;95;96;97;98;99,..........,full,ok
6CQQ,E,,244,ASSRLAGGMDEQF,13,92;93;94;95;96;97;98;99;100;101;102;103;104,...*.........,full,ok
6CQQ,I,,200,AFKAAGNKLT,10,90;91;92;93;94;95;96;97;98;99,..........,full,ok
6CQQ,J,,244,ASSRLAGGMDEQF,13,92;93;94;95;96;97;98;99;100;101;102;103;104,...*.........,full,ok
6CQR,D,,200,AFKAAGNKLT,10,90;91;92;93;94;95;96;97;98;99,..........,full,ok
6CQR,E,,245,ASSRLAGGMDEQF,13,93;94;95;96;97;98;99;100;101;102;103;104;105,.............,full,ok
6CQR,I,,201,AFKAAGNKLT,10,91;92;93;94;95;96;97;98;99;100,..........,full,ok
6CQR,J,,245,ASSRLAGGMDEQF,13,93;94;95;96;97;98;99;100;101;102;103;104;105,.............,full,ok
6DFX,G,,194,ATDAGYNQGGKLI,13,82;83;84;85;86;87;88;89;90;91;92;93;94,.............,full,ok
6DFX,H,,237,ASSAGNTIY,9,90;91;92;93;94;95;96;97;98,.........,full,ok
6DFX,I,,188,ATDAGYNQGGKLI,13,82;83;84;85;86;87;88;89;90;91;92;93;94,.............,full,ok
6DFX,J,,237,ASSAGNTIY,9,90;91;92;93;94;95;96;97;98,.........,full,ok
6PX6,D,,190,AVHTGARLM,9,91;92;93;94;95;96;97;98;99,.........,full,ok
6PX6,E,,241,ASSHGASTDTQY,12,91;92;93;94;95;96;97;98;99;100;101;102,........*...,full,ok
6PY2,D,,191,ASPQGGSEKLV,11,90;91;92;93;94;95;96;97;98;99;100,.......*...,full,ok
6PY2,E,,243,ASSSGGWGGGTEAF,14,91;92;93;94;95;96;97;98;99;100;101;102;103;104,..............,full,ok
6U3N,D,,199,AVGAGSNYQLI,11,91;92;93;94;95;96;97;98;99;100;101,...........,full,ok
6U3N,E,,242,ASSLEGQGASEQF,13,90;91;92;93;94;95;96;97;98;99;100;101;102,.............,full,ok
6U3O,A,,194,IAFQGAQKLV,10,87;88;89;90;91;92;93;94;95;96,..........,full,ok
6U3O,B,,242,ASSFRALAADTQY,13,91;92;93;94;95;96;97;98;99;100;101;102;103,.........*...,full,ok
6U3O,G,,194,IAFQGAQKLV,10,87;88;89;90;91;92;93;94;95;96,..........,full,ok
6U3O,H,,242,ASSFRALAADTQY,13,91;92;93;94;95;96;97;98;99;100;101;102;103,.........*...,full,ok
6V0Y,D,,205,ALSDSGSFNKLT,12,92;93;94;95;96;97;98;99;100;101;102;103,............,full,ok
6V0Y,E,,242,ASSLDWGGQNTLY,13,90;91;92;93;94;95;96;97;98;99;100;101;102,....*........,full,ok
6V13,D,,203,ALSPSNTNKVV,11,91;92;93;94;95;96;97;98;99;100;101,...........,full,ok
6V13,E,,241,ASSLDWGVNTLY,12,90;91;92;93;94;95;96;97;98;99;100;101,............,full,ok
6V15,D,,203,ALSPSNTNKVV,11,91;92;93;94;95;96;97;98;99;100;101,...........,full,ok
6V15,E,,241,ASSLDWGVNTLY,12,90;91;92;93;94;95;96;97;98;99;100;101,............,full,ok
6V18,D,,206,ALSDSGSFNKLT,12,93;94;95;96;97;98;99;100;101;102;103;104,............,full,ok
6V18,E,,242,ASSLDWGGQNTLY,13,90;91;92;93;94;95;96;97;98;99;100;101;102,.............,full,ok
6V19,D,,205,ALSDSSSFSKLV,12,92;93;94;95;96;97;98;99;100;101;102;103,............,full,ok
6V19,E,,242,ASSLDWASQNTLY,13,90;91;92;93;94;95;96;97;98;99;100;101;102,.............,full,ok
6V1A,D,,205,ALSDSSSFSKLV,12,92;93;94;95;96;97;98;99;100;101;102;103,............,full,ok
6V1A,E,,242,ASSLDWASQNTLY,13,90;91;92;93;94;95;96;97;98;99;100;101;102,.............,full,ok
6XC9,D,,203,AFFGQGAQKLV,11,93;94;95;96;97;98;99;100;101;102;103,...........,full,ok
6XC9,E,,244,ASSLSASGGATDTQY,15,90;91;92;93;94;95;96;97;98;99;100;101;102;103;104,...........*...,full,ok
6XC9,I,,204,AFFGQGAQKLV,11,92;93;94;95;96;97;98;99;100;101;102,...........,full,ok
6XC9,J,,244,ASSLSASGGATDTQY,15,90;91;92;93;94;95;96;97;98;99;100;101;102;103;104,...........*...,full,ok
6XCO,D,,187,AVQAGGNNRLA,11,87;88;89;90;91;92;93;94;95;96;97,...........,full,ok
6XCO,E,,238,ASSLERDGYT,10,90;91;92;93;94;95;96;97;98;99,......*...,full,ok
6XCP,D,,188,IVSHNAGNMLT,11,87;88;89;90;91;92;93;94;95;96;97,...........,full,ok
6XCP,E,,239,ASSLERETQY,10,90;91;92;93;94;95;96;97;98;99,......*...,full,ok
7SG0,D,,201,ALSGGTSYGKLT,12,90;91;92;93;94;95;96;97;98;99;100;101,............,full,ok
7SG0,E,,238,ASSQGQDTEAF,11,89;90;91;92;93;94;95;96;97;98;99,......*....,full,ok
7SG1,D,,193,LVGGLARDMR,10,87;88;89;90;91;92;93;94;95;96,..........,full,ok
7SG1,E,,244,SVALGSDTGELF,12,93;94;95;96;97;98;99;100;101;102;103;104,......*.....,full,ok
7SG1,I,,156,LVGGLARDMR,10,86;87;88;89;90;91;92;93;94;95,..........,full,ok
7SG1,J,,235,SVALGSDTGELF,12,93;94;95;96;97;98;99;100;101;102;103;104,......*.....,full,ok
7SG2,D,,188,LVGGLARDMR,10,87;88;89;90;91;92;93;94;95;96,......*...,full,ok
7SG2,E,,242,SVALGSDTGELF,12,93;94;95;96;97;98;99;100;101;102;103;104,......*.....,full,ok
7SG2,I,,170,LVGGLARDMR,10,86;87;88;89;90;91;92;93;94;95,......*...,full,ok
7SG2,J,,232,SVALGSDTGELF,12,93;94;95;96;97;98;99;100;101;102;103;104,......*.....,full,ok
7T2B,D,,196,ATDKKGGATNKLI,13,82;83;84;85;86;87;88;89;90;91;92;93;94,.............,full,ok
7T2B,E,,239,ASSQGGGEQY,10,90;91;92;93;94;95;96;97;98;99,..........,full,ok
7T2B,I,,190,ATDKKGGATNKLI,13,83;84;85;86;87;88;89;90;91;92;93;94;95,.............,full,ok
7T2B,J,,239,ASSQGGGEQY,10,90;91;92;93;94;95;96;97;98;99,..........,full,ok
7T2B,N,,197,ATDKKGGATNKLI,13,83;84;85;86;87;88;89;90;91;92;93;94;95,.............,full,ok
7T2B,O,,239,ASSQGGGEQY,10,90;91;92;93;94;95;96;97;98;99,..........,full,ok
7T2B,S,,197,ATDKKGGATNKLI,13,83;84;85;86;87;88;89;90;91;92;93;94;95,.............,full,ok
7T2B,T,,239,ASSQGGGEQY,10,90;91;92;93;94;95;96;97;98;99,..........,full,ok
7T2C,D,,185,LVGDTGFQKLV,11,88;89;90;91;92;93;94;95;96;97;98,...........,full,ok
7T2C,E,,248,SARDPGGGGSSYEQY,15,94;95;96;97;98;99;100;101;102;103;104;105;106;107;108,...............,full,ok
7T2D,D,,201,ALSGSARQLT,10,93;94;95;96;97;98;99;100;101;102,......*...,full,ok
7T2D,E,,235,ASSHREGETQY,11,84;85;86;87;88;89;90;91;92;93;94,.....**....,full,ok
7T2D,I,,201,ALSGSARQLT,10,93;94;95;96;97;98;99;100;101;102,......*...,full,ok
7T2D,J,,237,ASSHREGETQY,11,87;88;89;90;91;92;93;94;95;96;97,....*......,full,ok
7T2D,N,,199,ALSGSARQLT,10,93;94;95;96;97;98;99;100;101;102,......*...,full,ok
7T2D,O,,238,ASSHREGETQY,11,88;89;90;91;92;93;94;95;96;97;98,....**.....,full,ok
7T2D,S,,199,ALSGSARQLT,10,93;94;95;96;97;98;99;100;101;102,......*...,full,ok
7T2D,T,,238,ASSHREGETQY,11,88;89;90;91;92;93;94;95;96;97;98,....**.....,full,ok
8PJG,D,,203,AVSEQDDKII,10,92;93;94;95;96;97;98;99;100;101,...*..**..,full,ok
8PJG,E,,240,ATSDESYGYT,10,91;92;93;94;95;96;97;98;99;100,..........,full,ok
8TRL,G,,199,IVNPANTGNQFY,12,87;88;89;90;91;92;93;94;95;96;97;98,............,full,ok
8TRL,H,,244,ASRRDYFSYEQY,12,93;94;95;96;97;98;99;100;101;102;103;104,............,full,ok
8TRL,I,,188,IVNPANTGNQFY,12,87;88;89;90;91;92;93;94;95;96;97;98,............,full,ok
8TRL,J,,240,ASRRDYFSYEQY,12,93;94;95;96;97;98;99;100;101;102;103;104,............,full,ok
8TRQ,D,,205,ALGDHSGSWQLI,12,93;94;95;96;97;98;99;100;101;102;103;104,............,full,ok
8TRQ,E,,243,ASSLRTGANSDYT,13,92;93;94;95;96;97;98;99;100;101;102;103;104,.............,full,ok
8TRR,D,,198,ALGDTGNYKYV,11,93;94;95;96;97;98;99;100;101;102;103,.........*.,full,ok
8TRR,E,,242,ASSAVNSGNTLY,12,91;92;93;94;95;96;97;98;99;100;101;102,............,full,ok
8TRR,I,,186,ALGDTGNYKYV,11,93;94;95;96;97;98;99;100;101;102;103,........*..,full,ok
8TRR,J,,241,ASSAVNSGNTLY,12,90;91;92;93;94;95;96;97;98;99;100;101,............,full,ok
8VCX,D,,196,IVSHNAGNMLT,11,87;88;89;90;91;92;93;94;95;96;97,...........,full,ok
8VCX,E,,238,ASSLERETQY,10,90;91;92;93;94;95;96;97;98;99,......*...,full,ok
8VCY,D,,187,IVSHNAGNMLT,11,87;88;89;90;91;92;93;94;95;96;97,...........,full,ok
8VCY,E,,238,ASSLERETQY,10,90;91;92;93;94;95;96;97;98;99,......*...,full,ok
8VD0,D,,202,IVRVAIEGSQGNLI,14,87;88;89;90;91;92;93;94;95;96;97;98;99;100,..............,full,ok
8VD0,E,,240,ASSLRRGDTIY,11,90;91;92;93;94;95;96;97;98;99;100,.......*...,full,ok
8VD0,I,,201,IVRVAIEGSQGNLI,14,87;88;89;90;91;92;93;94;95;96;97;98;99;100,..............,full,ok
8VD0,J,,240,ASSLRRGDTIY,11,90;91;92;93;94;95;96;97;98;99;100,...........,full,ok
8VD2,D,,194,IVRVAIEGSQGNLI,14,87;88;89;90;91;92;93;94;95;96;97;98;99;100,.......*......,full,ok
8VD2,E,,239,ASSLRRGDTIY,11,90;91;92;93;94;95;96;97;98;99;100,.......*...,full,ok
9EJG,D,,195,VVMGFQKLV,9,87;88;89;90;91;92;93;94;95,.........,full,ok
9EJG,E,,240,ASSLRAESGELF,12,90;91;92;93;94;95;96;97;98;99;100;101,............,full,ok
9EJH,D,,194,VVMGFQKLV,9,88;89;90;91;92;93;94;95;96,.........,full,ok
9EJH,E,,240,ASSLRAESGELF,12,90;91;92;93;94;95;96;97;98;99;100;101,............,full,ok
9EJI,D,,199,VVMGFQKLV,9,89;90;91;92;93;94;95;96;97,.........,full,ok
9EJI,E,,241,ASSLRAESGELF,12,90;91;92;93;94;95;96;97;98;99;100;101,............,full,ok
9NIG,E,,203,AGQDVGNTNAGKST,14,89;90;91;92;93;94;95;96;97;98;99;100;101;102,..............,full,ok
9NIG,F,,238,ASSGVPPVQF,10,90;91;92;93;94;95;96;97;98;99,..........,full,ok
9NIG,J,,202,AGQDVGNTNAGKST,14,88;89;90;91;92;93;94;95;96;97;98;99;100;101,..............,full,ok
9NIG,K,,238,ASSGVPPVQF,10,90;91;92;93;94;95;96;97;98;99,..........,full,ok
9NIG,M,,193,AGQDVGNTNAGKST,14,89;90;91;92;93;94;95;96;97;98;99;100;101;102,..............,full,ok
9NIG,N,,238,ASSGVPPVQF,10,90;91;92;93;94;95;96;97;98;99,..........,full,ok