pdb_id	pdb_chain	uniprot_acc	role	atom_len
1FYT	A	P01903	TCR	180
1FYT	B	P01911	TCR	179
1FYT	C	P03437	TCR	13
1FYT	D	P01848	TCR	198
1FYT	E	P01850	TCR	240
1J8H	A	P01903	TCR	180
1J8H	B	P01911	TCR	180
1J8H	C	P03437	TCR	13
1J8H	D	P01848	TCR	198
1J8H	E	P01850	TCR	241
1J8H	F	NA	NA	0
1YMM	A	P01903	TCR	182
1YMM	B	P01911	TCR	178
1YMM	C	P02686	TCR	14
1YMM	D	P01848	TCR	96
1YMM	E	P01850	TCR	246
1ZGL	A	P01903	TCR	178
1ZGL	B	Q30154	TCR	175
1ZGL	C	P02686	TCR	14
1ZGL	M	P01848	TCR	178
1ZGL	P	P01850	TCR	242
1ZGL	D	P01903	TCR	178
1ZGL	E	Q30154	TCR	175
1ZGL	F	P02686	TCR	15
1ZGL	Q	P01848	TCR	187
1ZGL	R	P01850	TCR	238
1ZGL	G	P01903	TCR	178
1ZGL	H	Q30154	TCR	168
1ZGL	I	P02686	TCR	13
1ZGL	S	P01848	TCR	176
1ZGL	T	P01850	TCR	226
1ZGL	J	P01903	TCR	178
1ZGL	K	Q30154	TCR	180
1ZGL	L	P02686	TCR	14
1ZGL	U	P01848	TCR	195
1FYT	A	P01903	IG	180
1FYT	B	P01911	IG	179
1FYT	C	P03437	OTHER	13
1FYT	D	P01848	IG	198
1FYT	E	P01850	IG	240
1J8H	A	P01903	IG	180
1J8H	B	P01911	IG	180
1J8H	C	P03437	OTHER	13
1J8H	D	P01848	IG	198
1J8H	E	P01850	IG	241
1J8H	F	NA	NA	0
1YMM	A	P01903	IG	182
1YMM	B	P01911	IG	178
1YMM	C	P02686	IG	14
1YMM	D	P01848	IG	96
1YMM	E	P01850	IG	246
1ZGL	A	P01903	IG	178
1ZGL	B	Q30154	IG	175
1ZGL	C	P02686	IG	14
1ZGL	M	P01848	IG	178
1ZGL	P	P01850	IG	242
1ZGL	D	P01903	IG	178
1ZGL	E	Q30154	IG	175
1ZGL	F	P02686	IG	15
1ZGL	Q	P01848	IG	187
1ZGL	R	P01850	IG	238
1ZGL	G	P01903	IG	178
1ZGL	H	Q30154	IG	168
1ZGL	I	P02686	IG	13
1ZGL	S	P01848	IG	176
1ZGL	T	P01850	IG	226
1FYT	A	P01903	MHC	180
1FYT	B	P01911	MHC	179
1FYT	C	P03437	OTHER	13
1FYT	D	P01848	TCR	198
1FYT	E	P01850	TCR	240
1J8H	A	P01903	MHC	180
1J8H	B	P01911	MHC	180
1J8H	C	P03437	OTHER	13
1J8H	D	P01848	TCR	198
1J8H	E	P01850	TCR	241
1J8H	F	NA	NA	0
1YMM	A	P01903	MHC	182
1YMM	B	P01911	MHC	178
1YMM	C	P02686	IG	14
1YMM	D	P01848	TCR	96
1YMM	E	P01850	TCR	246
1ZGL	A	P01903	MHC	178
1ZGL	B	Q30154	MHC	175
1ZGL	C	P02686	IG	14
1ZGL	M	P01848	TCR	178
1ZGL	P	P01850	TCR	242
1ZGL	D	P01903	MHC	178
1ZGL	E	Q30154	MHC	175
1ZGL	F	P02686	IG	15
1ZGL	Q	P01848	TCR	187
1ZGL	R	P01850	TCR	238
1ZGL	G	P01903	MHC	178
1ZGL	H	Q30154	MHC	168
1ZGL	I	P02686	IG	13
1ZGL	S	P01848	TCR	176
1ZGL	T	P01850	TCR	226
1ZGL	J	P01903	MHC	178
1ZGL	K	Q30154	MHC	180
1ZGL	L	P02686	IG	14
1ZGL	U	P01848	TCR	195
1ZGL	V	P01850	TCR	242
2IAM	A	P01903	MHC	179
2IAM	B	P01911	MHC	182
2IAM	P	P60174	IG	15
2IAM	C	P01848	TCR	198
2IAM	D	P01850	TCR	239
2IAN	A	P01903	MHC	178
2IAN	B	P01911	MHC	181
2IAN	C	P60174	IG	15
2IAN	D	P01848	TCR	198
2IAN	E	P01850	TCR	238
2IAN	F	P01903	MHC	179
2IAN	G	P01911	MHC	182
2IAN	H	P60174	IG	15
2IAN	I	P01848	TCR	198
2IAN	J	P01850	TCR	239
2IAN	K	P01903	MHC	179
2IAN	L	P01911	MHC	188
2IAN	M	P60174	IG	15
2IAN	N	P01848	TCR	198
2IAN	O	P01850	TCR	238
2IAN	P	P01903	MHC	179
2IAN	Q	P01911	MHC	188
2IAN	R	P60174	IG	15
2IAN	S	P01848	TCR	198
2IAN	T	P01850	TCR	238
2WBJ	A	P01903	MHC	178
2WBJ	B	P01911	MHC	179
2WBJ	C	NA	NA	193
2WBJ	D	NA	NA	270
2WBJ	E	P01903	MHC	177
2WBJ	F	P01911	MHC	188
2WBJ	G	NA	NA	190
2WBJ	H	NA	NA	260
2WBJ	I	NA	NA	0
3O6F	A	P01903	MHC	178
3O6F	B	P01911	MHC	195
3O6F	C	P01848	TCR	191
3O6F	D	A0A5B9	TCR	245
3O6F	E	P01903	MHC	179
3O6F	F	P01911	MHC	210
3O6F	G	P01848	TCR	188
3O6F	H	A0A5B9	TCR	243
3PL6	A	A0A173ADG5	MHC	182
3PL6	B	A0A0A8WFP6	MHC	181
3PL6	C	NA	NA	191
3PL6	D	NA	NA	257
3T0E	A	P01903	MHC	178
3T0E	B	P01911	MHC	195
3T0E	C	P01848	TCR	193
3T0E	D	A0A5B9	TCR	245
3T0E	E	P01730	IG	365
4E41	A	P01903	MHC	179
4E41	B	P01911	MHC	179
4E41	C	P60174	IG	15
4E41	D	NA	NA	181
4E41	E	NA	NA	236
4E41	F	P01903	MHC	179
4E41	G	P01911	MHC	177
4E41	H	P60174	IG	15
4E41	I	NA	NA	190
4E41	J	NA	NA	238
4GG6	A	P01909	MHC	180
4GG6	B	P01920	MHC	163
4GG6	C	P01909	MHC	181
4GG6	D	P01920	MHC	173
4GG6	E	K7N5N2	OTHER	187
4GG6	F	P01850	TCR	243
4GG6	G	K7N5N2	OTHER	177
4GG6	H	P01850	TCR	243
4GG6	I	P18573	OTHER	13
4GG6	J	P18573	OTHER	13
4GRL	A	Q30066	MHC	182
4GRL	B	Q67AJ6	MHC	181
4GRL	C	NA	NA	191
4GRL	D	NA	NA	257
4H1L	A	P01903	MHC	178
4H1L	B	P79483	MHC	179
4H1L	C	NA	NA	13
4H1L	D	P01903	MHC	178
4H1L	E	P79483	MHC	179
4H1L	F	NA	NA	13
4H1L	G	L7MTK9	OTHER	113
4H1L	H	L7MTL0	OTHER	111
4H1L	I	L7MTK9	OTHER	113
4H1L	J	L7MTL0	OTHER	111
4MAY	A	Q30066	MHC	181
4MAY	B	Q67AJ6	MHC	181
4MAY	C	NA	NA	191
4MAY	D	NA	NA	255
4OZF	A	P01909	MHC	181
4OZF	B	P01920	MHC	181
4OZF	G	Q2YD82	TCR	193
4OZF	H	P01850	TCR	242
4OZF	J	P04722	OTHER	13
4OZG	A	P01909	MHC	181
4OZG	B	P01920	MHC	181
4OZG	C	P01909	MHC	180
4OZG	D	P01920	MHC	180
4OZG	E	Q2YD82	TCR	194
4OZG	F	P01850	TCR	240
4OZG	G	Q2YD82	TCR	194
4OZG	H	P01850	TCR	240
4OZG	I	P04722	OTHER	13
4OZG	J	P04722	OTHER	12
4OZG	K	NA	NA	0
4OZG	L	NA	NA	0
4OZH	A	P01909	MHC	181
4OZH	B	P01920	MHC	181
4OZH	C	P01909	MHC	181
4OZH	D	P01920	MHC	181
4OZH	E	Q2YD82	TCR	195
4OZH	F	P01850	TCR	240
4OZH	G	Q2YD82	TCR	195
4OZH	H	P01850	TCR	240
4OZH	I	P04722	OTHER	12
4OZH	J	P04722	OTHER	13
4OZI	A	P01909	MHC	181
4OZI	B	P01920	MHC	180
4OZI	C	P01909	MHC	181
4OZI	D	P01920	MHC	181
4OZI	E	Q2YD82	TCR	199
4OZI	F	P01850	TCR	243
4OZI	G	Q2YD82	TCR	199
4OZI	H	P01850	TCR	243
4OZI	I	P04722	OTHER	11
4OZI	J	P04722	OTHER	11
4P4K	A	P20036	MHC	178
4P4K	B	P04440	MHC	199
4P4K	C	P01848	TCR	204
4P4K	D	A0A5B9	TCR	241
4P4K	E	P20036	MHC	181
4P4K	F	P04440	MHC	199
4P4K	G	P01848	TCR	203
4P4K	H	A0A5B9	TCR	239
4Y19	A	P01903	MHC	179
4Y19	B	P01911	MHC	184
4Y19	C	P01308	IG	13
4Y19	D	NA	NA	205
4Y19	E	NA	NA	241
4Y19	F	NA	NA	0
4Y19	G	NA	NA	0
4Y1A	A	P01903	MHC	178
4Y1A	B	P01911	MHC	184
4Y1A	C	P01308	IG	14
4Y1A	D	NA	NA	205
4Y1A	E	NA	NA	240
4Y1A	F	NA	NA	0
4Z7U	A	Q30069	MHC	182
4Z7U	B	O19707	MHC	169
4Z7U	C	Q30069	MHC	182
4Z7U	D	O19707	MHC	172
4Z7U	E	NA	NA	198
4Z7U	F	NA	NA	244
4Z7U	G	NA	NA	198
4Z7U	H	NA	NA	244
4Z7U	I	P18573	OTHER	15
4Z7U	J	P18573	OTHER	16
4Z7U	K	NA	NA	0
4Z7U	L	NA	NA	0
4Z7V	A	Q30069	MHC	180
4Z7V	B	O19707	MHC	172
4Z7V	C	Q30069	MHC	180
4Z7V	D	O19707	MHC	175
4Z7V	E	NA	NA	199
4Z7V	F	NA	NA	243
4Z7V	G	NA	NA	198
4Z7V	H	NA	NA	242
4Z7V	I	P18573	OTHER	13
4Z7V	J	P18573	OTHER	13
4Z7V	K	NA	NA	0
4Z7V	L	NA	NA	0
4Z7W	A	Q30069	MHC	181
4Z7W	B	O19707	MHC	180
4Z7W	C	Q30069	MHC	181
4Z7W	D	O19707	MHC	180
4Z7W	E	NA	NA	199
4Z7W	F	NA	NA	241
4Z7W	G	NA	NA	191
4Z7W	H	NA	NA	239
4Z7W	I	P18573	OTHER	15
4Z7W	J	P18573	OTHER	15
4Z7W	K	NA	NA	0
4Z7W	L	NA	NA	0
5KS9	A	L8E864	MHC	182
5KS9	B	R9XSW3	OTHER	181
5KS9	C	L8E864	MHC	182
5KS9	D	R9XSW3	OTHER	173
5KS9	E	A0A0B4J274	TCR	193
5KS9	F	A0A580	TCR	240
5KS9	G	A0A0B4J274	TCR	192
5KS9	H	A0A580	TCR	240
5KS9	I	P18573	OTHER	16
5KS9	J	P18573	OTHER	16
5KSA	A	P01909	MHC	182
5KSA	B	P08079	OTHER	190
5KSA	C	A0A0B4J274	TCR	195
5KSA	D	A0A580	TCR	242
5KSA	J	P08079	OTHER	11
5KSB	A	P01909	MHC	181
5KSB	B	P08079	OTHER	179
5KSB	C	P01909	MHC	181
5KSB	D	P08079	OTHER	178
5KSB	E	A0A0B4J274	TCR	200
5KSB	F	A0A580	TCR	241
5KSB	G	A0A0B4J274	TCR	200
5KSB	H	A0A580	TCR	241
5KSB	I	P08079	OTHER	11
5KSB	J	P08079	OTHER	11
5KSB	K	NA	NA	0
5KSB	L	NA	NA	0
6CQL	A	P01903	MHC	178
6CQL	B	P01911	MHC	190
6CQL	C	P04585	OTHER	13
6CQL	D	A0A0B4J272	TCR	200
6CQL	E	A0A5B9	TCR	244
6CQN	A	P01903	MHC	178
6CQN	B	P01911	MHC	190
6CQN	C	P04585	OTHER	13
6CQN	D	A0A0B4J272	TCR	200
6CQN	E	A0A0G2JMB4	TCR	244
6CQQ	A	P01903	MHC	178
6CQQ	B	P01911	MHC	188
6CQQ	C	P04585	OTHER	13
6CQQ	D	A0A0B4J272	TCR	200
6CQQ	E	A0A5B9	TCR	244
6CQQ	F	P01903	MHC	178
6CQQ	G	P01911	MHC	189
6CQQ	H	P04585	OTHER	13
6CQQ	I	A0A0B4J272	TCR	200
6CQQ	J	A0A5B9	TCR	244
6CQR	A	P01903	MHC	179
6CQR	B	P01911	MHC	190
6CQR	C	P04585	OTHER	13
6CQR	D	A0A0B4J272	TCR	200
6CQR	E	A0A5B9	TCR	245
6CQR	F	P01903	MHC	179
6CQR	G	P01911	MHC	190
6CQR	H	P04585	OTHER	13
6CQR	I	A0A0B4J272	TCR	201
6CQR	J	A0A5B9	TCR	245
6DFX	A	Q30069	MHC	180
6DFX	B	U3PYM0	MHC	200
6DFX	D	Q30069	MHC	180
6DFX	E	U3PYM0	MHC	199
6DFX	G	NA	NA	194
6DFX	H	NA	NA	237
6DFX	I	NA	NA	188
6DFX	J	NA	NA	237
6DFX	C	NA	NA	0
6PX6	A	Q08AS3	MHC	179
6PX6	B	A0A0U5IHY9	MHC	178
6PX6	C	P16315	OTHER	12
6PX6	D	K7N5M3	IG	190
6PX6	E	NA	NA	241
6PY2	A	Q08AS3	MHC	182
6PY2	B	A0A0U5IHY9	MHC	178
6PY2	C	P16315	OTHER	12
6PY2	D	K7N5N2	OTHER	191
6PY2	E	K7N5M4	IG	243
6U3N	D	NA	NA	199
6U3N	E	NA	NA	242
6U3N	A	P01909	MHC	181
6U3N	B	O19712	MHC	181
6U3N	C	NA	NA	11
6U3O	G	NA	NA	194
6U3O	H	NA	NA	242
6U3O	A	NA	NA	194
6U3O	B	NA	NA	242
6U3O	C	O19705	MHC	181
6U3O	D	O19712	MHC	181
6U3O	E	O19705	MHC	181
6U3O	F	O19712	MHC	181
6U3O	I	Q9HX82	OTHER	13
6U3O	J	Q9HX82	OTHER	13
6U3O	K	NA	NA	0
6U3O	L	NA	NA	0
6V0Y	A	P01903	MHC	175
6V0Y	B	P01911	MHC	179
6V0Y	C	P02675	IG	11
6V0Y	D	NA	NA	205
6V0Y	E	NA	NA	242
6V13	A	P01903	MHC	178
6V13	B	P01911	MHC	180
6V13	C	P02675	IG	12
6V13	D	NA	NA	203
6V13	E	NA	NA	241
6V15	A	P01903	MHC	177
6V15	B	P01911	MHC	180
6V15	C	P02675	IG	11
6V15	D	NA	NA	203
6V15	E	NA	NA	241
6V18	A	P01903	MHC	179
6V18	B	P01911	MHC	178
6V18	C	P02675	IG	12
6V18	D	NA	NA	206
6V18	E	NA	NA	242
6V19	A	P01903	MHC	177
6V19	B	P01911	MHC	178
6V19	C	P02675	IG	11
6V19	D	NA	NA	205
6V19	E	NA	NA	242
6V1A	A	P01903	MHC	180
6V1A	B	P01911	MHC	173
6V1A	C	P02675	IG	12
6V1A	D	NA	NA	205
6V1A	E	NA	NA	242
6XC9	A	Q30069	MHC	184
6XC9	C	O19707	MHC	198
6XC9	D	NA	NA	203
6XC9	E	NA	NA	244
6XC9	F	Q30069	MHC	182
6XC9	H	O19707	MHC	196
6XC9	I	NA	NA	204
6XC9	J	NA	NA	244
6XC9	B	NA	NA	0
6XC9	G	NA	NA	0
6XCO	A	Q30069	MHC	182
6XCO	B	O19707	MHC	195
6XCO	D	NA	NA	187
6XCO	E	NA	NA	238
6XCP	A	Q30069	MHC	182
6XCP	C	O19707	MHC	200
6XCP	D	NA	NA	188
6XCP	E	NA	NA	239
7SG0	A	P01909	MHC	180
7SG0	B	O19712	MHC	175
7SG0	C	NA	NA	11
7SG0	D	NA	NA	201
7SG0	E	NA	NA	238
7SG1	A	P01909	MHC	180
7SG1	B	Q5Y7D3	MHC	174
7SG1	F	P01909	MHC	181
7SG1	G	Q5Y7D3	MHC	179
7SG1	D	NA	NA	193
7SG1	E	NA	NA	244
7SG1	C	NA	NA	15
7SG1	H	NA	NA	15
7SG1	I	NA	NA	156
7SG1	J	NA	NA	235
7SG2	A	P01909	MHC	178
7SG2	B	Q5Y7D3	MHC	175
7SG2	F	P01909	MHC	178
7SG2	G	Q5Y7D3	MHC	180
7SG2	D	NA	NA	188
7SG2	E	NA	NA	242
7SG2	C	NA	NA	13
7SG2	H	NA	NA	13
7SG2	I	NA	NA	170
7SG2	J	NA	NA	232
7T2B	A	P20036	MHC	180
7T2B	B	P04440	MHC	180
7T2B	C	Q04IN8	OTHER	14
7T2B	F	P20036	MHC	180
7T2B	G	P04440	MHC	185
7T2B	H	Q04IN8	OTHER	14
7T2B	K	P20036	MHC	180
7T2B	L	P04440	MHC	179
7T2B	M	Q04IN8	OTHER	13
7T2B	P	P20036	MHC	180
7T2B	Q	P04440	MHC	189
7T2B	R	Q04IN8	OTHER	14
7T2B	D	P01848	TCR	196
7T2B	E	P01850	TCR	239
7T2B	I	P01848	TCR	190
7T2B	J	P01850	TCR	239
7T2B	N	P01848	TCR	197
7T2B	O	P01850	TCR	239
7T2B	S	P01848	TCR	197
7T2B	T	P01850	TCR	239
7T2B	U	NA	NA	0
7T2B	V	NA	NA	0
7T2B	W	NA	NA	0
7T2C	D	P01848	TCR	185
7T2C	E	P01850	TCR	248
7T2C	A	P20036	MHC	180
7T2C	B	P04440	MHC	176
7T2C	C	Q04IN8	OTHER	12
7T2C	F	NA	NA	0
7T2D	A	P20036	MHC	180
7T2D	B	P04440	MHC	171
7T2D	C	Q04IN8	OTHER	14
7T2D	F	P20036	MHC	180
7T2D	G	P04440	MHC	168
7T2D	H	Q04IN8	OTHER	14
7T2D	D	P01848	TCR	201
7T2D	E	P01850	TCR	235
7T2D	I	P01848	TCR	201
7T2D	J	P01850	TCR	237
7T2D	K	P20036	MHC	180
7T2D	L	P04440	MHC	178
7T2D	M	Q04IN8	OTHER	14
7T2D	N	P01848	TCR	199
7T2D	O	P01850	TCR	238
7T2D	P	P20036	MHC	180
7T2D	Q	P04440	MHC	177
7T2D	R	Q04IN8	OTHER	14
7T2D	S	P01848	TCR	199
7T2D	T	P01850	TCR	238
7T2D	U	NA	NA	0
7T2D	V	NA	NA	0
7T2D	W	NA	NA	0
7T2D	X	NA	NA	0
8PJG	A	P01903	MHC	179
8PJG	B	P01911	MHC	190
8PJG	C	P03437	OTHER	13
8PJG	D	NA	NA	203
8PJG	E	NA	NA	240
8TRL	A	P01903	MHC	179
8TRL	B	P01911	MHC	175
8TRL	C	P06733	IG	12
8TRL	I	NA	NA	188
8TRL	J	NA	NA	240
8TRL	D	P01903	MHC	179
8TRL	E	P01911	MHC	179
8TRL	F	P06733	IG	12
8TRL	G	NA	NA	199
8TRL	H	NA	NA	244
8TRL	K	NA	NA	0
8TRL	L	NA	NA	0
8TRQ	A	P01903	MHC	180
8TRQ	B	P01911	MHC	190
8TRQ	C	P08670	IG	12
8TRQ	D	NA	NA	205
8TRQ	E	NA	NA	243
8TRQ	F	NA	NA	0
8TRR	A	P01903	MHC	179
8TRR	B	P01911	MHC	181
8TRR	C	P08670	IG	11
8TRR	D	NA	NA	198
8TRR	E	NA	NA	242
8TRR	F	P01903	MHC	179
8TRR	G	P01911	MHC	182
8TRR	H	P08670	IG	12
8TRR	I	NA	NA	186
8TRR	J	NA	NA	241
8TRR	K	NA	NA	0
8TRR	L	NA	NA	0
8TRR	M	NA	NA	0
8VCX	D	NA	NA	196
8VCX	E	NA	NA	238
8VCX	A	Q30069	MHC	181
8VCX	B	O19707	MHC	191
8VCX	C	P01308	IG	15
8VCX	F	NA	NA	0
8VCX	G	NA	NA	0
8VCX	H	NA	NA	0
8VCY	A	Q30069	MHC	180
8VCY	B	O19707	MHC	183
8VCY	C	NA	NA	15
8VCY	D	NA	NA	187
8VCY	E	NA	NA	238
8VD0	A	Q30069	MHC	183
8VD0	C	O19707	MHC	194
8VD0	F	Q30069	MHC	180
8VD0	H	O19707	MHC	195
8VD0	D	NA	NA	202
8VD0	E	NA	NA	240
8VD0	I	NA	NA	201
8VD0	J	NA	NA	240
8VD2	A	Q30069	MHC	181
8VD2	B	O19707	MHC	177
8VD2	C	NA	NA	14
8VD2	D	NA	NA	194
8VD2	E	NA	NA	239
9EJG	A	P01909	MHC	180
9EJG	C	NA	NA	10
9EJG	D	NA	NA	195
9EJG	E	NA	NA	240
9EJG	B	O19712	MHC	189
9EJH	A	P01909	MHC	182
9EJH	B	O19712	MHC	187
9EJH	C	P04233	IG	12
9EJH	D	NA	NA	194
9EJH	E	NA	NA	240
9EJI	A	Q08AS3	MHC	182
9EJI	B	A0A0U5IHY9	MHC	181
9EJI	C	NA	NA	13
9EJI	D	NA	NA	199
9EJI	E	NA	NA	241
9EJI	F	NA	NA	0
9NIG	A	P01903	MHC	178
9NIG	B	A0A1V1IGJ9	MHC	189
9NIG	M	NA	NA	193
9NIG	N	NA	NA	238
9NIG	P	P24821	IG	10
9NIG	C	P01903	MHC	176
9NIG	D	A0A1V1IGJ9	MHC	190
9NIG	E	NA	NA	203
9NIG	F	NA	NA	238
9NIG	G	P24821	IG	9
9NIG	H	P01903	MHC	178
9NIG	I	A0A1V1IGJ9	MHC	159
9NIG	J	NA	NA	202
9NIG	K	NA	NA	238
9NIG	L	P24821	IG	10
9NIG	O	NA	NA	0
9NIG	V	NA	NA	0
