pdb_id,tcr_chain,tcr_chain_asym,tcr_chain_label,tcr_chain_description,tcr_resid,tcr_resseq,pmhc_chain,pmhc_chain_asym,pmhc_chain_label,pmhc_chain_description,pmhc_resid,peptide_resseq,min_distance,TCR Name,MHC Name,Release date,Epitope,TRAV gene,TRBV gene,Docking angle,Incident angle,Buried surface area,Shape complementarity,Kd
1FYT,E,E,TCR_BETA,T-CELL RECEPTOR BETA CHAIN,"(' ', 30, ' ')",30,C,C,PEPTIDE,HEMAGGLUTININ HA1 PEPTIDE CHAIN,"(' ', 315, ' ')",315,2.663,HA1.7,HLA-DR1,11/8/00,PKYVKQNTLKLAT,TRAV8-4,TRBV28,47.2,2.8,2086.4,0.56,50
1FYT,E,E,TCR_BETA,T-CELL RECEPTOR BETA CHAIN,"(' ', 51, ' ')",51,A,A,MHC,"HLA CLASS II HISTOCOMPATIBILITY ANTIGEN, DR ALPHA CHAIN","(' ', 67, ' ')",67,2.675,HA1.7,HLA-DR1,11/8/00,PKYVKQNTLKLAT,TRAV8-4,TRBV28,47.2,2.8,2086.4,0.56,50
1FYT,D,D,TCR_ALPHA,T-CELL RECEPTOR ALPHA CHAIN,"(' ', 94, ' ')",94,C,C,PEPTIDE,HEMAGGLUTININ HA1 PEPTIDE CHAIN,"(' ', 307, ' ')",307,2.827,HA1.7,HLA-DR1,11/8/00,PKYVKQNTLKLAT,TRAV8-4,TRBV28,47.2,2.8,2086.4,0.56,50
1FYT,E,E,TCR_BETA,T-CELL RECEPTOR BETA CHAIN,"(' ', 28, ' ')",28,C,C,PEPTIDE,HEMAGGLUTININ HA1 PEPTIDE CHAIN,"(' ', 315, ' ')",315,3.069,HA1.7,HLA-DR1,11/8/00,PKYVKQNTLKLAT,TRAV8-4,TRBV28,47.2,2.8,2086.4,0.56,50
1FYT,D,D,TCR_ALPHA,T-CELL RECEPTOR ALPHA CHAIN,"(' ', 102, ' ')",102,C,C,PEPTIDE,HEMAGGLUTININ HA1 PEPTIDE CHAIN,"(' ', 310, ' ')",310,3.208,HA1.7,HLA-DR1,11/8/00,PKYVKQNTLKLAT,TRAV8-4,TRBV28,47.2,2.8,2086.4,0.56,50
1FYT,E,E,TCR_BETA,T-CELL RECEPTOR BETA CHAIN,"(' ', 56, ' ')",56,A,A,MHC,"HLA CLASS II HISTOCOMPATIBILITY ANTIGEN, DR ALPHA CHAIN","(' ', 39, ' ')",39,3.223,HA1.7,HLA-DR1,11/8/00,PKYVKQNTLKLAT,TRAV8-4,TRBV28,47.2,2.8,2086.4,0.56,50
1J8H,E,E,TCR_BETA,T-CELL RECEPTOR BETA CHAIN,"(' ', 56, ' ')",56,A,A,MHC,"HLA CLASS II HISTOCOMPATIBILITY ANTIGEN, DR ALPHA CHAIN","(' ', 39, ' ')",39,2.317,HA1.7,HLA-DR4,3/13/02,PKYVKQNTLKLAT,TRAV8-4,TRBV28,48.9,1,2111.4,0.56,43
1J8H,E,E,TCR_BETA,T-CELL RECEPTOR BETA CHAIN,"(' ', 51, ' ')",51,A,A,MHC,"HLA CLASS II HISTOCOMPATIBILITY ANTIGEN, DR ALPHA CHAIN","(' ', 67, ' ')",67,2.538,HA1.7,HLA-DR4,3/13/02,PKYVKQNTLKLAT,TRAV8-4,TRBV28,48.9,1,2111.4,0.56,43
1J8H,E,E,TCR_BETA,T-CELL RECEPTOR BETA CHAIN,"(' ', 30, ' ')",30,C,C,PEPTIDE,HEMAGGLUTININ HA1 PEPTIDE CHAIN,"(' ', 315, ' ')",315,2.565,HA1.7,HLA-DR4,3/13/02,PKYVKQNTLKLAT,TRAV8-4,TRBV28,48.9,1,2111.4,0.56,43
1J8H,D,D,TCR_ALPHA,T-CELL RECEPTOR ALPHA CHAIN,"(' ', 102, ' ')",102,C,C,PEPTIDE,HEMAGGLUTININ HA1 PEPTIDE CHAIN,"(' ', 310, ' ')",310,2.636,HA1.7,HLA-DR4,3/13/02,PKYVKQNTLKLAT,TRAV8-4,TRBV28,48.9,1,2111.4,0.56,43
1J8H,E,E,TCR_BETA,T-CELL RECEPTOR BETA CHAIN,"(' ', 28, ' ')",28,C,C,PEPTIDE,HEMAGGLUTININ HA1 PEPTIDE CHAIN,"(' ', 315, ' ')",315,3.096,HA1.7,HLA-DR4,3/13/02,PKYVKQNTLKLAT,TRAV8-4,TRBV28,48.9,1,2111.4,0.56,43
1J8H,D,D,TCR_ALPHA,T-CELL RECEPTOR ALPHA CHAIN,"(' ', 94, ' ')",94,C,C,PEPTIDE,HEMAGGLUTININ HA1 PEPTIDE CHAIN,"(' ', 307, ' ')",307,3.23,HA1.7,HLA-DR4,3/13/02,PKYVKQNTLKLAT,TRAV8-4,TRBV28,48.9,1,2111.4,0.56,43
1YMM,D,D,TCR_ALPHA,T cell receptor alpha chain,"(' ', 50, ' ')",50,B,B,MHC,"HLA class II histocompatibility antigen, DR beta chain","(' ', 69, ' ')",69,2.725,nan,HLA-DR2b,5/3/05,ENPVVHFFKNIVTPR,TRAV17,TRBV20-1,83.5,18,1993.2,0.51,nan
1ZGL,T,O,TCR_BETA,T cell receptor beta chain,"(' ', 99, ' ')",99,H,L,MHC,"major histocompatibility complex, class II, DR beta 5","(' ', 66, ' ')",66,2.451,3A6,HLA-DR2a,10/18/05,VHFFKNIVTPRTPGG,TRAV9-2,TRBV5-1,40.3,8.7,2224.7,0.61,nan
1ZGL,M,D,TCR_ALPHA,T cell receptor alpha chain,"(' ', 41, ' ')",41,K,Q,MHC,"major histocompatibility complex, class II, DR beta 5","(' ', 55, ' ')",55,2.475,3A6,HLA-DR2a,10/18/05,VHFFKNIVTPRTPGG,TRAV9-2,TRBV5-1,40.3,8.7,2224.7,0.61,nan
1ZGL,P,E,TCR_BETA,T cell receptor beta chain,"(' ', 99, ' ')",99,B,B,MHC,"major histocompatibility complex, class II, DR beta 5","(' ', 66, ' ')",66,2.569,3A6,HLA-DR2a,10/18/05,VHFFKNIVTPRTPGG,TRAV9-2,TRBV5-1,40.3,8.7,2224.7,0.61,nan
1ZGL,R,J,TCR_BETA,T cell receptor beta chain,"(' ', 99, ' ')",99,E,G,MHC,"major histocompatibility complex, class II, DR beta 5","(' ', 66, ' ')",66,2.585,3A6,HLA-DR2a,10/18/05,VHFFKNIVTPRTPGG,TRAV9-2,TRBV5-1,40.3,8.7,2224.7,0.61,nan
1ZGL,T,O,TCR_BETA,T cell receptor beta chain,"(' ', 99, ' ')",99,H,L,MHC,"major histocompatibility complex, class II, DR beta 5","(' ', 70, ' ')",70,2.829,3A6,HLA-DR2a,10/18/05,VHFFKNIVTPRTPGG,TRAV9-2,TRBV5-1,40.3,8.7,2224.7,0.61,nan
1ZGL,S,N,TCR_ALPHA,T cell receptor alpha chain,"(' ', 41, ' ')",41,E,G,MHC,"major histocompatibility complex, class II, DR beta 5","(' ', 55, ' ')",55,3.229,3A6,HLA-DR2a,10/18/05,VHFFKNIVTPRTPGG,TRAV9-2,TRBV5-1,40.3,8.7,2224.7,0.61,nan
1ZGL,P,E,TCR_BETA,T cell receptor beta chain,"(' ', 225, ' ')",225,D,F,MHC,"HLA class II histocompatibility antigen, DR alpha chain","(' ', 38, ' ')",38,3.232,3A6,HLA-DR2a,10/18/05,VHFFKNIVTPRTPGG,TRAV9-2,TRBV5-1,40.3,8.7,2224.7,0.61,nan
1ZGL,Q,I,TCR_ALPHA,T cell receptor alpha chain,"(' ', 41, ' ')",41,H,L,MHC,"major histocompatibility complex, class II, DR beta 5","(' ', 55, ' ')",55,3.318,3A6,HLA-DR2a,10/18/05,VHFFKNIVTPRTPGG,TRAV9-2,TRBV5-1,40.3,8.7,2224.7,0.61,nan
1ZGL,V,T,TCR_BETA,T cell receptor beta chain,"(' ', 99, ' ')",99,K,Q,MHC,"major histocompatibility complex, class II, DR beta 5","(' ', 70, ' ')",70,3.48,3A6,HLA-DR2a,10/18/05,VHFFKNIVTPRTPGG,TRAV9-2,TRBV5-1,40.3,8.7,2224.7,0.61,nan
1ZGL,U,S,TCR_ALPHA,T cell receptor alpha chain,"(' ', 41, ' ')",41,B,B,MHC,"major histocompatibility complex, class II, DR beta 5","(' ', 55, ' ')",55,3.503,3A6,HLA-DR2a,10/18/05,VHFFKNIVTPRTPGG,TRAV9-2,TRBV5-1,40.3,8.7,2224.7,0.61,nan
1ZGL,V,T,TCR_BETA,T cell receptor beta chain,"(' ', 212, ' ')",212,H,L,MHC,"major histocompatibility complex, class II, DR beta 5","(' ', 2, ' ')",2,3.713,3A6,HLA-DR2a,10/18/05,VHFFKNIVTPRTPGG,TRAV9-2,TRBV5-1,40.3,8.7,2224.7,0.61,nan
2IAM,C,D,TCR_ALPHA,CD4+ T cell receptor E8 alpha chain,"(' ', 53, ' ')",53,B,B,MHC,"HLA class II histocompatibility antigen, DRB1-1 beta chain","(' ', 69, ' ')",69,2.771,E8,HLA-DR1,4/3/07,GELIGILNAAKVPAD,TRAV22,TRBV6-6,44.4,15.6,2188.7,0.69,nan
2IAN,N,N,TCR_ALPHA,CD4+ T cell receptor E8 alpha chain,"(' ', 53, ' ')",53,L,L,MHC,"HLA class II histocompatibility antigen, DRB1-1 beta chain","(' ', 69, ' ')",69,2.609,E8,HLA-DR1,4/3/07,GELIGTLNAAKVPAD,TRAV22,TRBV6-6,44,15.5,2207.2,0.67,nan
2IAN,S,S,TCR_ALPHA,CD4+ T cell receptor E8 alpha chain,"(' ', 164, ' ')",164,B,B,MHC,"HLA class II histocompatibility antigen, DRB1-1 beta chain","(' ', 39, ' ')",39,2.616,E8,HLA-DR1,4/3/07,GELIGTLNAAKVPAD,TRAV22,TRBV6-6,44,15.5,2207.2,0.67,nan
2IAN,I,I,TCR_ALPHA,CD4+ T cell receptor E8 alpha chain,"(' ', 164, ' ')",164,L,L,MHC,"HLA class II histocompatibility antigen, DRB1-1 beta chain","(' ', 39, ' ')",39,2.743,E8,HLA-DR1,4/3/07,GELIGTLNAAKVPAD,TRAV22,TRBV6-6,44,15.5,2207.2,0.67,nan
2IAN,S,S,TCR_ALPHA,CD4+ T cell receptor E8 alpha chain,"(' ', 53, ' ')",53,Q,Q,MHC,"HLA class II histocompatibility antigen, DRB1-1 beta chain","(' ', 69, ' ')",69,2.787,E8,HLA-DR1,4/3/07,GELIGTLNAAKVPAD,TRAV22,TRBV6-6,44,15.5,2207.2,0.67,nan
2IAN,N,N,TCR_ALPHA,CD4+ T cell receptor E8 alpha chain,"(' ', 164, ' ')",164,G,G,MHC,"HLA class II histocompatibility antigen, DRB1-1 beta chain","(' ', 39, ' ')",39,2.79,E8,HLA-DR1,4/3/07,GELIGTLNAAKVPAD,TRAV22,TRBV6-6,44,15.5,2207.2,0.67,nan
2IAN,D,D,TCR_ALPHA,CD4+ T cell receptor E8 alpha chain,"(' ', 53, ' ')",53,B,B,MHC,"HLA class II histocompatibility antigen, DRB1-1 beta chain","(' ', 69, ' ')",69,2.946,E8,HLA-DR1,4/3/07,GELIGTLNAAKVPAD,TRAV22,TRBV6-6,44,15.5,2207.2,0.67,nan
2IAN,N,N,TCR_ALPHA,CD4+ T cell receptor E8 alpha chain,"(' ', 164, ' ')",164,G,G,MHC,"HLA class II histocompatibility antigen, DRB1-1 beta chain","(' ', 25, ' ')",25,3.477,E8,HLA-DR1,4/3/07,GELIGTLNAAKVPAD,TRAV22,TRBV6-6,44,15.5,2207.2,0.67,nan
2IAN,I,I,TCR_ALPHA,CD4+ T cell receptor E8 alpha chain,"(' ', 53, ' ')",53,G,G,MHC,"HLA class II histocompatibility antigen, DRB1-1 beta chain","(' ', 69, ' ')",69,3.605,E8,HLA-DR1,4/3/07,GELIGTLNAAKVPAD,TRAV22,TRBV6-6,44,15.5,2207.2,0.67,nan
2IAN,D,D,TCR_ALPHA,CD4+ T cell receptor E8 alpha chain,"(' ', 164, ' ')",164,Q,Q,MHC,"HLA class II histocompatibility antigen, DRB1-1 beta chain","(' ', 25, ' ')",25,3.956,E8,HLA-DR1,4/3/07,GELIGTLNAAKVPAD,TRAV22,TRBV6-6,44,15.5,2207.2,0.67,nan
2IAN,D,D,TCR_ALPHA,CD4+ T cell receptor E8 alpha chain,"(' ', 164, ' ')",164,Q,Q,MHC,"HLA class II histocompatibility antigen, DRB1-1 beta chain","(' ', 39, ' ')",39,3.99,E8,HLA-DR1,4/3/07,GELIGTLNAAKVPAD,TRAV22,TRBV6-6,44,15.5,2207.2,0.67,nan
3O6F,D,D,TCR_BETA,T-cell receptor beta-1 chain C region,"(' ', 50, ' ')",50,A,A,MHC,"HLA class II histocompatibility antigen, DR alpha chain","(' ', 67, ' ')",67,2.646,MS2-3C8,HLA-DR4,3/2/11,FSWGAEGQRPGFG,TRAV26-2,TRBV20-1,36.4,6,2038.3,0.64,5
3O6F,H,H,TCR_BETA,T-cell receptor beta-1 chain C region,"(' ', 50, ' ')",50,E,E,MHC,"HLA class II histocompatibility antigen, DR alpha chain","(' ', 67, ' ')",67,2.806,MS2-3C8,HLA-DR4,3/2/11,FSWGAEGQRPGFG,TRAV26-2,TRBV20-1,36.4,6,2038.3,0.64,5
3O6F,G,G,TCR_ALPHA,T-cell receptor alpha chain C region,"(' ', 96, ' ')",96,E,E,MHC,"HLA class II histocompatibility antigen, DR alpha chain","(' ', 55, ' ')",55,3.983,MS2-3C8,HLA-DR4,3/2/11,FSWGAEGQRPGFG,TRAV26-2,TRBV20-1,36.4,6,2038.3,0.64,5
3PL6,C,C,TCR_ALPHA,T-cell receptor alpha chain,"(' ', 98, ' ')",98,A,A,MHC,MHC class II HLA-DQ-alpha chain,"(' ', 61, ' ')",61,2.767,Hy.1B11,HLA-DQ1,12/22/10,NPVVHFFKNIVTP,TRAV13-1,TRBV7-3,25.3,14.3,1628.5,0.62,14.3
3PL6,D,D,TCR_BETA,MBP peptide / T-cell receptor beta chain chimera,"(' ', 17, ' ')",17,B,B,MHC,MHC class II HLA-DQ-beta chain,"(' ', 59, ' ')",59,3.782,Hy.1B11,HLA-DQ1,12/22/10,NPVVHFFKNIVTP,TRAV13-1,TRBV7-3,25.3,14.3,1628.5,0.62,14.3
3T0E,D,D,TCR_BETA,T-cell receptor beta chain,"(' ', 50, ' ')",50,A,A,MHC,"HLA class II histocompatibility antigen, DR alpha chain","(' ', 67, ' ')",67,3.77,MS2-3C8,HLA-DR4,3/7/12,FSWGAEGQRPGFGSGG,TRAV26-2,TRBV20-1,37.5,7.9,2252.4,0.54,10.1
4GRL,C,C,TCR_ALPHA,TCR Hy.1B11 alpha chain,"(' ', 98, ' ')",98,A,A,MHC,MHC class II HLA-DQ-alpha chain,"(' ', 61, ' ')",61,2.92,Hy.1B11,HLA-DQ1,11/6/13,RLLMLFAKDVVSR,TRAV13-1,TRBV7-3,26.1,14.6,1792.7,0.65,nan
4GRL,D,D,TCR_BETA,TCR Hy.1B11 beta chain,"(' ', 82, ' ')",82,A,A,MHC,MHC class II HLA-DQ-alpha chain,"(' ', 39, ' ')",39,3.902,Hy.1B11,HLA-DQ1,11/6/13,RLLMLFAKDVVSR,TRAV13-1,TRBV7-3,26.1,14.6,1792.7,0.65,nan
4OZF,H,D,TCR_BETA,"T-CELL RECEPTOR, JR5.1 BETA CHAIN","(' ', 114, ' ')",114,B,B,MHC,"HLA class II histocompatibility antigen, DQ beta 1 chain","(' ', 70, ' ')",70,3.733,JR5.1,HLA-DQ2.5,4/16/14,APQPELPYPQPGS,TRAV26-1,TRBV7-2,46.2,13.2,1723.1,0.68,79.4
4OZG,F,F,TCR_BETA,"T-cell receptor, d2, beta chain","(' ', 114, ' ')",114,D,D,MHC,"HLA class II histocompatibility antigen, DQ beta 1 chain","(' ', 70, ' ')",70,3.28,D2,HLA-DQ2.5,4/16/14,APQPELPYPQPG,TRAV26-1,TRBV7-2,36.1,6.4,2098.8,0.7,15.8
4OZG,H,H,TCR_BETA,"T-cell receptor, d2, beta chain","(' ', 114, ' ')",114,B,B,MHC,"HLA class II histocompatibility antigen, DQ beta 1 chain","(' ', 70, ' ')",70,3.833,D2,HLA-DQ2.5,4/16/14,APQPELPYPQPG,TRAV26-1,TRBV7-2,36.1,6.4,2098.8,0.7,15.8
4OZH,H,H,TCR_BETA,"T-cell receptor, s16, beta chain","(' ', 114, ' ')",114,B,B,MHC,"HLA class II histocompatibility antigen, DQ beta 1 chain","(' ', 70, ' ')",70,3.76,S16,HLA-DQ2.5,4/16/14,APQPELPYPQPGS,TRAV26-1,TRBV7-2,36.2,5.8,2056.7,0.68,24.8
4P4K,D,D,TCR_BETA,hTCRav22 beta chain,"(' ', 100, ' ')",100,B,B,MHC,"mim2 peptide,HLA class II histocompatibility antigen, DP beta 1 chain","(' ', 75, ' ')",75,2.727,hTCRav22,HLA-DP2,7/16/14,QAFWIDLFETI,TRAV9-2,TRBV5-1,46.6,24.8,1918.6,0.57,4.6
4P4K,H,H,TCR_BETA,hTCRav22 beta chain,"(' ', 100, ' ')",100,F,F,MHC,"mim2 peptide,HLA class II histocompatibility antigen, DP beta 1 chain","(' ', 75, ' ')",75,2.91,hTCRav22,HLA-DP2,7/16/14,QAFWIDLFETI,TRAV9-2,TRBV5-1,46.6,24.8,1918.6,0.57,4.6
4Y19,E,E,TCR_BETA,FS18_beta,"(' ', 92, ' ')",92,B,B,MHC,"HLA class II histocompatibility antigen, DRB1-4 beta chain","(' ', 65, ' ')",65,2.81,FS18,HLA-DR4,9/23/15,GSLQPLALEGSLQKRGIV,TRAV29/DV5,TRBV6-2,136.9,43.2,1464.6,0.58,nan
4Y19,E,E,TCR_BETA,FS18_beta,"(' ', 84, ' ')",84,A,A,MHC,"HLA class II histocompatibility antigen, DR alpha chain","(' ', 55, ' ')",55,3.584,FS18,HLA-DR4,9/23/15,GSLQPLALEGSLQKRGIV,TRAV29/DV5,TRBV6-2,136.9,43.2,1464.6,0.58,nan
4Y1A,E,E,TCR_BETA,FS17_beta,"(' ', 84, ' ')",84,A,A,MHC,"HLA class II histocompatibility antigen, DR alpha chain","(' ', 55, ' ')",55,3.348,FS17,HLA-DR4,9/23/15,GSLQPLALEGSLQKRGIV,TRAV29/DV5,TRBV6-2,137.6,44.8,1338,0.45,nan
4Z7U,F,F,TCR_BETA,"T-CELL RECEPTOR, S13 BETA CHAIN","(' ', 64, ' ')",64,C,C,MHC,MHC class II HLA-DQ-alpha chain,"(' ', 67, ' ')",67,2.795,S13,HLA-DQ8,6/3/15,APSGEGSFQPSQENPQGS,TRAV26-2,TRBV9,37.9,2.5,1913.8,0.72,1.05
4Z7U,H,H,TCR_BETA,"T-CELL RECEPTOR, S13 BETA CHAIN","(' ', 64, ' ')",64,A,A,MHC,MHC class II HLA-DQ-alpha chain,"(' ', 67, ' ')",67,2.836,S13,HLA-DQ8,6/3/15,APSGEGSFQPSQENPQGS,TRAV26-2,TRBV9,37.9,2.5,1913.8,0.72,1.05
4Z7V,H,H,TCR_BETA,"T-CELL RECEPTOR, L3-12 BETA CHAIN","(' ', 113, ' ')",113,B,B,MHC,MHC class II HLA-DQ-beta-1,"(' ', 70, ' ')",70,2.754,L3-12,HLA-DQ8,6/3/15,APSGEGSFQPSQENPQGS,TRAV26-2,TRBV9,39.6,5.1,1849.8,0.7,7
4Z7V,F,F,TCR_BETA,"T-CELL RECEPTOR, L3-12 BETA CHAIN","(' ', 113, ' ')",113,D,D,MHC,MHC class II HLA-DQ-beta-1,"(' ', 70, ' ')",70,2.777,L3-12,HLA-DQ8,6/3/15,APSGEGSFQPSQENPQGS,TRAV26-2,TRBV9,39.6,5.1,1849.8,0.7,7
4Z7V,E,E,TCR_ALPHA,"T-CELL RECEPTOR, L3-12 ALPHA CHAIN","(' ', 167, ' ')",167,A,A,MHC,MHC class II HLA-DQ-alpha chain,"(' ', 49, ' ')",49,2.806,L3-12,HLA-DQ8,6/3/15,APSGEGSFQPSQENPQGS,TRAV26-2,TRBV9,39.6,5.1,1849.8,0.7,7
4Z7V,E,E,TCR_ALPHA,"T-CELL RECEPTOR, L3-12 ALPHA CHAIN","(' ', 169, ' ')",169,A,A,MHC,MHC class II HLA-DQ-alpha chain,"(' ', 49, ' ')",49,3.4,L3-12,HLA-DQ8,6/3/15,APSGEGSFQPSQENPQGS,TRAV26-2,TRBV9,39.6,5.1,1849.8,0.7,7
4Z7V,G,G,TCR_ALPHA,"T-CELL RECEPTOR, L3-12 ALPHA CHAIN","(' ', 212, ' ')",212,C,C,MHC,MHC class II HLA-DQ-alpha chain,"(' ', 50, ' ')",50,3.556,L3-12,HLA-DQ8,6/3/15,APSGEGSFQPSQENPQGS,TRAV26-2,TRBV9,39.6,5.1,1849.8,0.7,7
4Z7W,E,E,TCR_ALPHA,"T-CELL RECEPTOR, T316 ALPHA CHAIN","(' ', 55, ' ')",55,D,D,MHC,MHC class II HLA-DQ-beta-1,"(' ', 66, ' ')",66,2.82,T316,HLA-DQ8,6/3/15,APSGEGSFQPSQENPQGS,TRAV8-3,TRBV6-1,46.1,9,2303.4,0.69,2.1
4Z7W,H,H,TCR_BETA,"T-CELL RECEPTOR, T316 BETA CHAIN","(' ', 108, ' ')",108,B,B,MHC,MHC class II HLA-DQ-beta-1,"(' ', 70, ' ')",70,2.85,T316,HLA-DQ8,6/3/15,APSGEGSFQPSQENPQGS,TRAV8-3,TRBV6-1,46.1,9,2303.4,0.69,2.1
4Z7W,F,F,TCR_BETA,"T-CELL RECEPTOR, T316 BETA CHAIN","(' ', 108, ' ')",108,D,D,MHC,MHC class II HLA-DQ-beta-1,"(' ', 70, ' ')",70,2.924,T316,HLA-DQ8,6/3/15,APSGEGSFQPSQENPQGS,TRAV8-3,TRBV6-1,46.1,9,2303.4,0.69,2.1
4Z7W,F,F,TCR_BETA,"T-CELL RECEPTOR, T316 BETA CHAIN","(' ', 85, ' ')",85,B,B,MHC,MHC class II HLA-DQ-beta-1,"(' ', 5, ' ')",5,3.051,T316,HLA-DQ8,6/3/15,APSGEGSFQPSQENPQGS,TRAV8-3,TRBV6-1,46.1,9,2303.4,0.69,2.1
4Z7W,G,G,TCR_ALPHA,"T-CELL RECEPTOR, T316 ALPHA CHAIN","(' ', 55, ' ')",55,B,B,MHC,MHC class II HLA-DQ-beta-1,"(' ', 66, ' ')",66,3.156,T316,HLA-DQ8,6/3/15,APSGEGSFQPSQENPQGS,TRAV8-3,TRBV6-1,46.1,9,2303.4,0.69,2.1
4Z7W,H,H,TCR_BETA,"T-CELL RECEPTOR, T316 BETA CHAIN","(' ', 85, ' ')",85,D,D,MHC,MHC class II HLA-DQ-beta-1,"(' ', 5, ' ')",5,3.272,T316,HLA-DQ8,6/3/15,APSGEGSFQPSQENPQGS,TRAV8-3,TRBV6-1,46.1,9,2303.4,0.69,2.1
4Z7W,E,E,TCR_ALPHA,"T-CELL RECEPTOR, T316 ALPHA CHAIN","(' ', 55, ' ')",55,D,D,MHC,MHC class II HLA-DQ-beta-1,"(' ', 69, ' ')",69,3.307,T316,HLA-DQ8,6/3/15,APSGEGSFQPSQENPQGS,TRAV8-3,TRBV6-1,46.1,9,2303.4,0.69,2.1
4Z7W,G,G,TCR_ALPHA,"T-CELL RECEPTOR, T316 ALPHA CHAIN","(' ', 55, ' ')",55,B,B,MHC,MHC class II HLA-DQ-beta-1,"(' ', 69, ' ')",69,3.5,T316,HLA-DQ8,6/3/15,APSGEGSFQPSQENPQGS,TRAV8-3,TRBV6-1,46.1,9,2303.4,0.69,2.1
4Z7W,F,F,TCR_BETA,"T-CELL RECEPTOR, T316 BETA CHAIN","(' ', 63, ' ')",63,C,C,MHC,MHC class II HLA-DQ-alpha chain,"(' ', 67, ' ')",67,3.704,T316,HLA-DQ8,6/3/15,APSGEGSFQPSQENPQGS,TRAV8-3,TRBV6-1,46.1,9,2303.4,0.69,2.1
4Z7W,H,H,TCR_BETA,"T-CELL RECEPTOR, T316 BETA CHAIN","(' ', 63, ' ')",63,A,A,MHC,MHC class II HLA-DQ-alpha chain,"(' ', 67, ' ')",67,3.739,T316,HLA-DQ8,6/3/15,APSGEGSFQPSQENPQGS,TRAV8-3,TRBV6-1,46.1,9,2303.4,0.69,2.1
5KS9,G,G,TCR_ALPHA,Bel502 TCR alpha TRAV20*01,"(' ', 66, ' ')",66,B,B,MHC,"HLA class II histocompatibility antigen, DQ beta 1 chain","(' ', 69, ' ')",69,2.811,Bel502,HLA-DQ8,9/21/16,APSGEGSFQPSQENPQ,TRAV20,TRBV9,39.5,8.5,2229.8,0.65,2.8
5KS9,E,E,TCR_ALPHA,Bel502 TCR alpha TRAV20*01,"(' ', 66, ' ')",66,D,D,MHC,"HLA class II histocompatibility antigen, DQ beta 1 chain","(' ', 69, ' ')",69,3.148,Bel502,HLA-DQ8,9/21/16,APSGEGSFQPSQENPQ,TRAV20,TRBV9,39.5,8.5,2229.8,0.65,2.8
5KS9,H,H,TCR_BETA,Bel502 TCR beta TRBV9*01,"(' ', 64, ' ')",64,A,A,MHC,"HLA class II histocompatibility antigen, DQ alpha 1 chain","(' ', 67, ' ')",67,3.89,Bel502,HLA-DQ8,9/21/16,APSGEGSFQPSQENPQ,TRAV20,TRBV9,39.5,8.5,2229.8,0.65,2.8
5KSA,C,C,TCR_ALPHA,Bel602 alpha TRAV20*01,"(' ', 66, ' ')",66,B,B,MHC,"HLA class II histocompatibility antigen, DQ beta 1 chain","(' ', 69, ' ')",69,2.714,Bel602,HLA-DQ8.5,9/21/16,QPQQSFPEQEA,TRAV20,TRBV9,42.1,5.5,1856.6,0.78,4.7
5KSA,C,C,TCR_ALPHA,Bel602 alpha TRAV20*01,"(' ', 37, ' ')",37,B,B,MHC,"HLA class II histocompatibility antigen, DQ beta 1 chain","(' ', 74, ' ')",74,3.184,Bel602,HLA-DQ8.5,9/21/16,QPQQSFPEQEA,TRAV20,TRBV9,42.1,5.5,1856.6,0.78,4.7
5KSA,C,C,TCR_ALPHA,Bel602 alpha TRAV20*01,"(' ', 66, ' ')",66,B,B,MHC,"HLA class II histocompatibility antigen, DQ beta 1 chain","(' ', 66, ' ')",66,3.396,Bel602,HLA-DQ8.5,9/21/16,QPQQSFPEQEA,TRAV20,TRBV9,42.1,5.5,1856.6,0.78,4.7
5KSB,E,E,TCR_ALPHA,T15 TCR alpha TRAV20*02,"(' ', 37, ' ')",37,D,D,MHC,"HLA class II histocompatibility antigen, DQ beta 1 chain","(' ', 74, ' ')",74,2.817,T15,HLA-DQ8.5,9/21/16,GPQQSFPEQEA,TRAV20,TRBV9,33.8,11.8,2033.5,0.72,2
5KSB,F,F,TCR_BETA,T15 TCR beta TRBV9*01,"(' ', 177, ' ')",177,B,B,MHC,"HLA class II histocompatibility antigen, DQ beta 1 chain","(' ', 76, ' ')",76,2.832,T15,HLA-DQ8.5,9/21/16,GPQQSFPEQEA,TRAV20,TRBV9,33.8,11.8,2033.5,0.72,2
5KSB,H,H,TCR_BETA,T15 TCR beta TRBV9*01,"(' ', 109, ' ')",109,J,J,PEPTIDE,DQ8.5-glia-gamma1 peptide,"(' ', 7, ' ')",7,3.065,T15,HLA-DQ8.5,9/21/16,GPQQSFPEQEA,TRAV20,TRBV9,33.8,11.8,2033.5,0.72,2
5KSB,F,F,TCR_BETA,T15 TCR beta TRBV9*01,"(' ', 114, ' ')",114,D,D,MHC,"HLA class II histocompatibility antigen, DQ beta 1 chain","(' ', 70, ' ')",70,3.068,T15,HLA-DQ8.5,9/21/16,GPQQSFPEQEA,TRAV20,TRBV9,33.8,11.8,2033.5,0.72,2
5KSB,H,H,TCR_BETA,T15 TCR beta TRBV9*01,"(' ', 114, ' ')",114,B,B,MHC,"HLA class II histocompatibility antigen, DQ beta 1 chain","(' ', 70, ' ')",70,3.115,T15,HLA-DQ8.5,9/21/16,GPQQSFPEQEA,TRAV20,TRBV9,33.8,11.8,2033.5,0.72,2
5KSB,G,G,TCR_ALPHA,T15 TCR alpha TRAV20*02,"(' ', 37, ' ')",37,B,B,MHC,"HLA class II histocompatibility antigen, DQ beta 1 chain","(' ', 74, ' ')",74,3.139,T15,HLA-DQ8.5,9/21/16,GPQQSFPEQEA,TRAV20,TRBV9,33.8,11.8,2033.5,0.72,2
5KSB,E,E,TCR_ALPHA,T15 TCR alpha TRAV20*02,"(' ', 66, ' ')",66,D,D,MHC,"HLA class II histocompatibility antigen, DQ beta 1 chain","(' ', 69, ' ')",69,3.156,T15,HLA-DQ8.5,9/21/16,GPQQSFPEQEA,TRAV20,TRBV9,33.8,11.8,2033.5,0.72,2
5KSB,F,F,TCR_BETA,T15 TCR beta TRBV9*01,"(' ', 109, ' ')",109,I,I,PEPTIDE,DQ8.5-glia-gamma1 peptide,"(' ', 7, ' ')",7,3.273,T15,HLA-DQ8.5,9/21/16,GPQQSFPEQEA,TRAV20,TRBV9,33.8,11.8,2033.5,0.72,2
5KSB,G,G,TCR_ALPHA,T15 TCR alpha TRAV20*02,"(' ', 66, ' ')",66,B,B,MHC,"HLA class II histocompatibility antigen, DQ beta 1 chain","(' ', 69, ' ')",69,3.299,T15,HLA-DQ8.5,9/21/16,GPQQSFPEQEA,TRAV20,TRBV9,33.8,11.8,2033.5,0.72,2
5KSB,H,H,TCR_BETA,T15 TCR beta TRBV9*01,"(' ', 177, ' ')",177,D,D,MHC,"HLA class II histocompatibility antigen, DQ beta 1 chain","(' ', 76, ' ')",76,3.356,T15,HLA-DQ8.5,9/21/16,GPQQSFPEQEA,TRAV20,TRBV9,33.8,11.8,2033.5,0.72,2
5KSB,H,H,TCR_BETA,T15 TCR beta TRBV9*01,"(' ', 232, ' ')",232,D,D,MHC,"HLA class II histocompatibility antigen, DQ beta 1 chain","(' ', 48, ' ')",48,3.656,T15,HLA-DQ8.5,9/21/16,GPQQSFPEQEA,TRAV20,TRBV9,33.8,11.8,2033.5,0.72,2
5KSB,H,H,TCR_BETA,T15 TCR beta TRBV9*01,"(' ', 232, ' ')",232,D,D,MHC,"HLA class II histocompatibility antigen, DQ beta 1 chain","(' ', 39, ' ')",39,3.705,T15,HLA-DQ8.5,9/21/16,GPQQSFPEQEA,TRAV20,TRBV9,33.8,11.8,2033.5,0.72,2
5KSB,H,H,TCR_BETA,T15 TCR beta TRBV9*01,"(' ', 26, ' ')",26,B,B,MHC,"HLA class II histocompatibility antigen, DQ beta 1 chain","(' ', 66, ' ')",66,3.832,T15,HLA-DQ8.5,9/21/16,GPQQSFPEQEA,TRAV20,TRBV9,33.8,11.8,2033.5,0.72,2
5KSB,F,F,TCR_BETA,T15 TCR beta TRBV9*01,"(' ', 232, ' ')",232,B,B,MHC,"HLA class II histocompatibility antigen, DQ beta 1 chain","(' ', 39, ' ')",39,3.848,T15,HLA-DQ8.5,9/21/16,GPQQSFPEQEA,TRAV20,TRBV9,33.8,11.8,2033.5,0.72,2
6CQQ,J,J,TCR_BETA,F24 beta chain,"(' ', 108, ' ')",108,G,G,MHC,HLA-DRB1 protein,"(' ', 66, ' ')",66,2.951,F24,HLA-DR15,6/6/18,RFYKTLRAEQASQ,TRAV24,TRBV2,35.1,5.3,1806.7,0.69,6.9
6CQQ,E,E,TCR_BETA,F24 beta chain,"(' ', 108, ' ')",108,B,B,MHC,HLA-DRB1 protein,"(' ', 66, ' ')",66,2.971,F24,HLA-DR15,6/6/18,RFYKTLRAEQASQ,TRAV24,TRBV2,35.1,5.3,1806.7,0.69,6.9
6CQQ,J,J,TCR_BETA,F24 beta chain,"(' ', 242, ' ')",242,A,A,MHC,"HLA class II histocompatibility antigen, DR alpha chain","(' ', 126, ' ')",126,3.588,F24,HLA-DR15,6/6/18,RFYKTLRAEQASQ,TRAV24,TRBV2,35.1,5.3,1806.7,0.69,6.9
6CQR,J,J,TCR_BETA,F24 beta chain,"(' ', 60, ' ')",60,F,F,MHC,"HLA class II histocompatibility antigen, DR alpha chain","(' ', 67, ' ')",67,2.835,F24,HLA-DR1,6/6/18,RFYKTLRAEQASQ,TRAV24,TRBV2,31.4,5.6,1957.8,0.68,10.56
6CQR,E,E,TCR_BETA,F24 beta chain,"(' ', 60, ' ')",60,A,A,MHC,"HLA class II histocompatibility antigen, DR alpha chain","(' ', 67, ' ')",67,3.066,F24,HLA-DR1,6/6/18,RFYKTLRAEQASQ,TRAV24,TRBV2,31.4,5.6,1957.8,0.68,10.56
6CQR,J,J,TCR_BETA,F24 beta chain,"(' ', 82, ' ')",82,A,A,MHC,"HLA class II histocompatibility antigen, DR alpha chain","(' ', 164, ' ')",164,3.535,F24,HLA-DR1,6/6/18,RFYKTLRAEQASQ,TRAV24,TRBV2,31.4,5.6,1957.8,0.68,10.56
6DFX,G,E,TCR_ALPHA,T1D3 alpha chain,"(' ', 68, ' ')",68,E,D,MHC,MHC class II antigen,"(' ', 169, ' ')",169,2.34,T1D3,HLA-DQ8,4/17/19,VEELYLVAGEEGCGGGGSL,TRAV17,TRBV5-1,35.8,1.7,2138.6,0.69,20.5
6DFX,J,H,TCR_BETA,T1D3 beta chain,"(' ', 30, ' ')",30,E,D,MHC,MHC class II antigen,"(' ', -18, ' ')",-18,2.88,T1D3,HLA-DQ8,4/17/19,VEELYLVAGEEGCGGGGSL,TRAV17,TRBV5-1,35.8,1.7,2138.6,0.69,20.5
6DFX,H,F,TCR_BETA,T1D3 beta chain,"(' ', 30, ' ')",30,B,B,MHC,MHC class II antigen,"(' ', -18, ' ')",-18,2.921,T1D3,HLA-DQ8,4/17/19,VEELYLVAGEEGCGGGGSL,TRAV17,TRBV5-1,35.8,1.7,2138.6,0.69,20.5
6DFX,I,G,TCR_ALPHA,T1D3 alpha chain,"(' ', 49, ' ')",49,E,D,MHC,MHC class II antigen,"(' ', 69, ' ')",69,3.05,T1D3,HLA-DQ8,4/17/19,VEELYLVAGEEGCGGGGSL,TRAV17,TRBV5-1,35.8,1.7,2138.6,0.69,20.5
6DFX,G,E,TCR_ALPHA,T1D3 alpha chain,"(' ', 53, ' ')",53,E,D,MHC,MHC class II antigen,"(' ', 135, ' ')",135,3.119,T1D3,HLA-DQ8,4/17/19,VEELYLVAGEEGCGGGGSL,TRAV17,TRBV5-1,35.8,1.7,2138.6,0.69,20.5
6PX6,E,E,TCR_BETA,"T-cell receptor, T1005.2.56, beta chain","(' ', 101, ' ')",101,B,B,MHC,HLA class II histocompatibility antigen DQ beta chain,"(' ', 70, ' ')",70,3.066,T1005.2.56,HLA-DQ2.2,1/15/20,APFSEQEQPVLG,TRAV21,TRBV7-3,30.8,4,2056,0.63,22.17
6PY2,D,D,TCR_ALPHA,"T-cell receptor, T594, alpha chain,T-cell receptor, T594, alpha chain","(' ', 49, ' ')",49,B,B,MHC,HLA class II histocompatibility antigen DQ beta chain,"(' ', 69, ' ')",69,2.775,T594,HLA-DQ2.2,1/15/20,APFSEQEQPVLG,TRAV9-2,TRBV11-2,53.3,14.6,1841.3,0.66,20.95
6PY2,D,D,TCR_ALPHA,"T-cell receptor, T594, alpha chain,T-cell receptor, T594, alpha chain","(' ', 98, ' ')",98,B,B,MHC,HLA class II histocompatibility antigen DQ beta chain,"(' ', 70, ' ')",70,3.032,T594,HLA-DQ2.2,1/15/20,APFSEQEQPVLG,TRAV9-2,TRBV11-2,53.3,14.6,1841.3,0.66,20.95
6PY2,D,D,TCR_ALPHA,"T-cell receptor, T594, alpha chain,T-cell receptor, T594, alpha chain","(' ', 49, ' ')",49,B,B,MHC,HLA class II histocompatibility antigen DQ beta chain,"(' ', 66, ' ')",66,3.16,T594,HLA-DQ2.2,1/15/20,APFSEQEQPVLG,TRAV9-2,TRBV11-2,53.3,14.6,1841.3,0.66,20.95
6U3N,D,A,TCR_ALPHA,"T-CELL RECEPTOR, LS2.8/3.15 alpha","(' ', 55, ' ')",55,B,D,MHC,MHC class II HLA-DQ-beta-1,"(' ', 69, ' ')",69,2.567,LS2.8/3.15,HLA-DQ2.5,12/18/19,APMPMPELPYP,TRAV8-3,TRBV5-5,34.6,12.2,2192.6,0.62,39.6
6U3O,H,B,TCR_BETA,"T-CELL RECEPTOR, JR5.1 beta","(' ', 114, ' ')",114,F,H,MHC,MHC class II HLA-DQ-beta-1,"(' ', 70, ' ')",70,3.636,JR5.1,HLA-DQ2.5,12/18/19,AVVQSELPYPEGS,TRAV26-1,TRBV7-2,48.2,8.1,1824.9,0.68,83.7
6U3O,B,D,TCR_BETA,"T-CELL RECEPTOR, JR5.1 beta","(' ', 114, ' ')",114,D,F,MHC,MHC class II HLA-DQ-beta-1,"(' ', 70, ' ')",70,3.796,JR5.1,HLA-DQ2.5,12/18/19,AVVQSELPYPEGS,TRAV26-1,TRBV7-2,48.2,8.1,1824.9,0.68,83.7
6V0Y,E,E,TCR_BETA,M141 TCR beta chain,"(' ', 109, ' ')",109,C,C,PEPTIDE,"Fibrinogen beta 72,74cit69-81","(' ', 77, ' ')",77,3.934,M141,HLA-DR4,11/25/20,GGYPAKAAAT,TRAV6D-6,TRBV4,24,16.7,2008.1,0.63,18.6
6XC9,J,H,TCR_BETA,"T-CELL-RECEPTOR, A3.10-beta chain","(' ', 116, ' ')",116,H,F,MHC,"Hybrid Insulin Peptide, MHC class II HLA-DQ-beta chain fusion","(' ', 84, ' ')",84,2.744,A3.10,HLA-DQ8,7/14/21,GQVELGGGNAVEVCKGS,TRAV38-1,TRBV5-1,32.3,9.9,2385.5,0.7,52.5
6XC9,E,D,TCR_BETA,"T-CELL-RECEPTOR, A3.10-beta chain","(' ', 116, ' ')",116,C,B,MHC,"Hybrid Insulin Peptide, MHC class II HLA-DQ-beta chain fusion","(' ', 84, ' ')",84,2.876,A3.10,HLA-DQ8,7/14/21,GQVELGGGNAVEVCKGS,TRAV38-1,TRBV5-1,32.3,9.9,2385.5,0.7,52.5
6XCO,D,C,TCR_ALPHA,"T-CELL-RECEPTOR, A1.9-alpha chain","(' ', 66, ' ')",66,B,B,MHC,"Hybrid Insulin Peptide, MHC class II HLA-DQ-beta-1 fusion","(' ', 111, ' ')",111,2.904,A1.9,HLA-DQ8,7/14/21,GQVELGGGNAVEVCK,TRAV20,TRBV5-1,35.5,7,2095,0.72,35.5
6XCO,E,D,TCR_BETA,"T-CELL-RECEPTOR, A1.9-beta chain","(' ', 111, ' ')",111,B,B,MHC,"Hybrid Insulin Peptide, MHC class II HLA-DQ-beta-1 fusion","(' ', 112, ' ')",112,2.934,A1.9,HLA-DQ8,7/14/21,GQVELGGGNAVEVCK,TRAV20,TRBV5-1,35.5,7,2095,0.72,35.5
6XCP,E,D,TCR_BETA,"T-CELL-RECEPTOR, A2.13-beta chain","(' ', 111, ' ')",111,C,B,MHC,"Hybrid insulin peptide, MHC class II HLA-DQ8-beta chain fusion","(' ', 97, ' ')",97,2.738,A2.13,HLA-DQ8,7/14/21,GQVELGGGNAVEVCKGS,TRAV26-1,TRBV5-1,34.9,5.3,2174.6,0.67,92.7
7SG0,E,E,TCR_BETA,"T-cell receptor, w316, beta chain","(' ', 113, ' ')",113,B,B,MHC,MHC class II HLA-DQ-beta-1,"(' ', 70, ' ')",70,3.081,W316,HLA-DQ2,2/23/22,QPFPQPEQPFP,TRAV9-2,TRBV7-3,40.5,10.4,1983.6,0.7,121.6
7SG0,D,D,TCR_ALPHA,"T-cell receptor, w316, alpha chain","(' ', 55, ' ')",55,B,B,MHC,MHC class II HLA-DQ-beta-1,"(' ', 66, ' ')",66,3.519,W316,HLA-DQ2,2/23/22,QPFPQPEQPFP,TRAV9-2,TRBV7-3,40.5,10.4,1983.6,0.7,121.6
7SG1,J,J,TCR_BETA,"T-cell receptor, xpa5, beta chain","(' ', 112, ' ')",112,G,D,MHC,MHC class II HLA-DQ-beta-1,"(' ', 77, ' ')",77,2.468,XPA5,HLA-DQ2,2/23/22,QPFPQPELPYGSGGS,TRAV4,TRBV29-1,37.5,14.7,2308.9,0.57,43.9
7SG1,E,F,TCR_BETA,"T-cell receptor, xpa5, beta chain","(' ', 112, ' ')",112,B,B,MHC,MHC class II HLA-DQ-beta-1,"(' ', 77, ' ')",77,2.503,XPA5,HLA-DQ2,2/23/22,QPFPQPELPYGSGGS,TRAV4,TRBV29-1,37.5,14.7,2308.9,0.57,43.9
7SG1,E,F,TCR_BETA,"T-cell receptor, xpa5, beta chain","(' ', 112, ' ')",112,B,B,MHC,MHC class II HLA-DQ-beta-1,"(' ', 70, ' ')",70,2.874,XPA5,HLA-DQ2,2/23/22,QPFPQPELPYGSGGS,TRAV4,TRBV29-1,37.5,14.7,2308.9,0.57,43.9
7SG1,J,J,TCR_BETA,"T-cell receptor, xpa5, beta chain","(' ', 112, ' ')",112,G,D,MHC,MHC class II HLA-DQ-beta-1,"(' ', 70, ' ')",70,2.935,XPA5,HLA-DQ2,2/23/22,QPFPQPELPYGSGGS,TRAV4,TRBV29-1,37.5,14.7,2308.9,0.57,43.9
7SG2,J,J,TCR_BETA,"T-cell receptor, xpa5, beta chain","(' ', 112, ' ')",112,G,D,MHC,MHC class II HLA-DQ-beta-1,"(' ', 77, ' ')",77,3.135,XPA5,HLA-DQ2,2/23/22,QPFPQPEQPFPGS,TRAV4,TRBV29-1,37.1,14.3,2312.2,0.51,40.6
7SG2,D,E,TCR_ALPHA,"T-cell receptor, xpa5, alpha chain","(' ', 114, ' ')",114,A,A,MHC,"HLA class II histocompatibility antigen, DQ alpha 1 chain","(' ', 55, ' ')",55,3.226,XPA5,HLA-DQ2,2/23/22,QPFPQPEQPFPGS,TRAV4,TRBV29-1,37.1,14.3,2312.2,0.51,40.6
7SG2,I,I,TCR_ALPHA,"T-cell receptor, xpa5, alpha chain","(' ', 114, ' ')",114,F,C,MHC,"HLA class II histocompatibility antigen, DQ alpha 1 chain","(' ', 55, ' ')",55,3.357,XPA5,HLA-DQ2,2/23/22,QPFPQPEQPFPGS,TRAV4,TRBV29-1,37.1,14.3,2312.2,0.51,40.6
7SG2,E,F,TCR_BETA,"T-cell receptor, xpa5, beta chain","(' ', 112, ' ')",112,B,B,MHC,MHC class II HLA-DQ-beta-1,"(' ', 77, ' ')",77,3.437,XPA5,HLA-DQ2,2/23/22,QPFPQPEQPFPGS,TRAV4,TRBV29-1,37.1,14.3,2312.2,0.51,40.6
7SG2,E,F,TCR_BETA,"T-cell receptor, xpa5, beta chain","(' ', 112, ' ')",112,B,B,MHC,MHC class II HLA-DQ-beta-1,"(' ', 70, ' ')",70,3.485,XPA5,HLA-DQ2,2/23/22,QPFPQPEQPFPGS,TRAV4,TRBV29-1,37.1,14.3,2312.2,0.51,40.6
7SG2,J,J,TCR_BETA,"T-cell receptor, xpa5, beta chain","(' ', 112, ' ')",112,G,D,MHC,MHC class II HLA-DQ-beta-1,"(' ', 70, ' ')",70,3.511,XPA5,HLA-DQ2,2/23/22,QPFPQPEQPFPGS,TRAV4,TRBV29-1,37.1,14.3,2312.2,0.51,40.6
7T2B,J,P,TCR_BETA,"T cell receptor, 5F, beta chain","(' ', 37, ' ')",37,H,F,PEPTIDE,Pneumolysin-derived peptide,"(' ', 7, ' ')",7,2.948,5F,HLA-DP4,12/28/22,ATGLAWEWWRTVYE,TRAV17,TRBV6-2,36.9,6.5,1912.9,0.49,15.54
7T2B,N,Q,TCR_ALPHA,"T cell receptor, 5F, alpha chain","(' ', 57, ' ')",57,L,H,MHC,"HLA class II histocompatibility antigen, DP beta 1 chain","(' ', 69, ' ')",69,3.084,5F,HLA-DP4,12/28/22,ATGLAWEWWRTVYE,TRAV17,TRBV6-2,36.9,6.5,1912.9,0.49,15.54
7T2B,E,N,TCR_BETA,"T cell receptor, 5F, beta chain","(' ', 37, ' ')",37,C,C,PEPTIDE,Pneumolysin-derived peptide,"(' ', 7, ' ')",7,3.132,5F,HLA-DP4,12/28/22,ATGLAWEWWRTVYE,TRAV17,TRBV6-2,36.9,6.5,1912.9,0.49,15.54
7T2B,O,R,TCR_BETA,"T cell receptor, 5F, beta chain","(' ', 37, ' ')",37,M,I,PEPTIDE,Pneumolysin-derived peptide,"(' ', 7, ' ')",7,3.204,5F,HLA-DP4,12/28/22,ATGLAWEWWRTVYE,TRAV17,TRBV6-2,36.9,6.5,1912.9,0.49,15.54
7T2B,I,O,TCR_ALPHA,"T cell receptor, 5F, alpha chain","(' ', 57, ' ')",57,G,E,MHC,"HLA class II histocompatibility antigen, DP beta 1 chain","(' ', 69, ' ')",69,3.319,5F,HLA-DP4,12/28/22,ATGLAWEWWRTVYE,TRAV17,TRBV6-2,36.9,6.5,1912.9,0.49,15.54
7T2B,T,T,TCR_BETA,"T cell receptor, 5F, beta chain","(' ', 37, ' ')",37,R,L,PEPTIDE,Pneumolysin-derived peptide,"(' ', 7, ' ')",7,3.484,5F,HLA-DP4,12/28/22,ATGLAWEWWRTVYE,TRAV17,TRBV6-2,36.9,6.5,1912.9,0.49,15.54
7T2C,D,A,TCR_ALPHA,"T cell receptor, B5, alpha chain","(' ', 58, ' ')",58,B,D,MHC,"HLA class II histocompatibility antigen, DP beta 1 chain","(' ', 76, ' ')",76,3.016,B5,HLA-DP4,12/28/22,TGLAWEWWRTVY,TRAV4,TRBV20-1,52.4,13,2298.2,0.68,11.48
7T2D,J,J,TCR_BETA,"T cell receptor, B1, beta chain","(' ', 111, ' ')",111,G,E,MHC,"HLA class II histocompatibility antigen, DP beta 1 chain","(' ', 66, ' ')",66,2.459,B1,HLA-DP4,12/28/22,ATGLAWEWWRTVYE,TRAV19,TRBV7-3,54.5,12.5,1798.4,0.57,14.93
7T2D,T,T,TCR_BETA,"T cell receptor, B1, beta chain","(' ', 111, ' ')",111,Q,Q,MHC,"HLA class II histocompatibility antigen, DP beta 1 chain","(' ', 66, ' ')",66,2.461,B1,HLA-DP4,12/28/22,ATGLAWEWWRTVYE,TRAV19,TRBV7-3,54.5,12.5,1798.4,0.57,14.93
7T2D,O,O,TCR_BETA,"T cell receptor, B1, beta chain","(' ', 111, ' ')",111,L,L,MHC,"HLA class II histocompatibility antigen, DP beta 1 chain","(' ', 66, ' ')",66,2.481,B1,HLA-DP4,12/28/22,ATGLAWEWWRTVYE,TRAV19,TRBV7-3,54.5,12.5,1798.4,0.57,14.93
7T2D,D,G,TCR_ALPHA,"T cell receptor, B1, alpha chain","(' ', 55, ' ')",55,B,B,MHC,"HLA class II histocompatibility antigen, DP beta 1 chain","(' ', 66, ' ')",66,2.613,B1,HLA-DP4,12/28/22,ATGLAWEWWRTVYE,TRAV19,TRBV7-3,54.5,12.5,1798.4,0.57,14.93
7T2D,S,S,TCR_ALPHA,"T cell receptor, B1, alpha chain","(' ', 114, ' ')",114,Q,Q,MHC,"HLA class II histocompatibility antigen, DP beta 1 chain","(' ', 70, ' ')",70,2.626,B1,HLA-DP4,12/28/22,ATGLAWEWWRTVYE,TRAV19,TRBV7-3,54.5,12.5,1798.4,0.57,14.93
7T2D,E,H,TCR_BETA,"T cell receptor, B1, beta chain","(' ', 111, ' ')",111,B,B,MHC,"HLA class II histocompatibility antigen, DP beta 1 chain","(' ', 66, ' ')",66,2.635,B1,HLA-DP4,12/28/22,ATGLAWEWWRTVYE,TRAV19,TRBV7-3,54.5,12.5,1798.4,0.57,14.93
7T2D,I,I,TCR_ALPHA,"T cell receptor, B1, alpha chain","(' ', 114, ' ')",114,G,E,MHC,"HLA class II histocompatibility antigen, DP beta 1 chain","(' ', 70, ' ')",70,2.945,B1,HLA-DP4,12/28/22,ATGLAWEWWRTVYE,TRAV19,TRBV7-3,54.5,12.5,1798.4,0.57,14.93
7T2D,N,N,TCR_ALPHA,"T cell receptor, B1, alpha chain","(' ', 114, ' ')",114,L,L,MHC,"HLA class II histocompatibility antigen, DP beta 1 chain","(' ', 70, ' ')",70,3.013,B1,HLA-DP4,12/28/22,ATGLAWEWWRTVYE,TRAV19,TRBV7-3,54.5,12.5,1798.4,0.57,14.93
7T2D,N,N,TCR_ALPHA,"T cell receptor, B1, alpha chain","(' ', 55, ' ')",55,L,L,MHC,"HLA class II histocompatibility antigen, DP beta 1 chain","(' ', 66, ' ')",66,3.071,B1,HLA-DP4,12/28/22,ATGLAWEWWRTVYE,TRAV19,TRBV7-3,54.5,12.5,1798.4,0.57,14.93
7T2D,T,T,TCR_BETA,"T cell receptor, B1, beta chain","(' ', 112, ' ')",112,R,R,PEPTIDE,Pneumolysin-derived peptide,"(' ', 7, ' ')",7,3.14,B1,HLA-DP4,12/28/22,ATGLAWEWWRTVYE,TRAV19,TRBV7-3,54.5,12.5,1798.4,0.57,14.93
7T2D,D,G,TCR_ALPHA,"T cell receptor, B1, alpha chain","(' ', 114, ' ')",114,B,B,MHC,"HLA class II histocompatibility antigen, DP beta 1 chain","(' ', 70, ' ')",70,3.159,B1,HLA-DP4,12/28/22,ATGLAWEWWRTVYE,TRAV19,TRBV7-3,54.5,12.5,1798.4,0.57,14.93
7T2D,I,I,TCR_ALPHA,"T cell receptor, B1, alpha chain","(' ', 55, ' ')",55,G,E,MHC,"HLA class II histocompatibility antigen, DP beta 1 chain","(' ', 66, ' ')",66,3.18,B1,HLA-DP4,12/28/22,ATGLAWEWWRTVYE,TRAV19,TRBV7-3,54.5,12.5,1798.4,0.57,14.93
7T2D,O,O,TCR_BETA,"T cell receptor, B1, beta chain","(' ', 112, ' ')",112,M,M,PEPTIDE,Pneumolysin-derived peptide,"(' ', 7, ' ')",7,3.333,B1,HLA-DP4,12/28/22,ATGLAWEWWRTVYE,TRAV19,TRBV7-3,54.5,12.5,1798.4,0.57,14.93
7T2D,E,H,TCR_BETA,"T cell receptor, B1, beta chain","(' ', 112, ' ')",112,C,C,PEPTIDE,Pneumolysin-derived peptide,"(' ', 7, ' ')",7,3.45,B1,HLA-DP4,12/28/22,ATGLAWEWWRTVYE,TRAV19,TRBV7-3,54.5,12.5,1798.4,0.57,14.93
7T2D,S,S,TCR_ALPHA,"T cell receptor, B1, alpha chain","(' ', 55, ' ')",55,Q,Q,MHC,"HLA class II histocompatibility antigen, DP beta 1 chain","(' ', 66, ' ')",66,3.808,B1,HLA-DP4,12/28/22,ATGLAWEWWRTVYE,TRAV19,TRBV7-3,54.5,12.5,1798.4,0.57,14.93
8PJG,D,D,TCR_ALPHA,T cell receptor alpha chain constant,"(' ', 98, ' ')",98,C,C,PEPTIDE,Hemagglutinin HA2 chain,"(' ', 5, ' ')",5,2.619,F11,HLA-DRB1,6/19/24,PKYVKQNTLKLAR,TRAV8-4,TRBV24-1,48.7,2.9,2048.8,0.621,nan
8PJG,D,D,TCR_ALPHA,T cell receptor alpha chain constant,"(' ', 99, ' ')",99,A,A,MHC,"HLA class II histocompatibility antigen, DR alpha chain","(' ', 55, ' ')",55,2.699,F11,HLA-DRB1,6/19/24,PKYVKQNTLKLAR,TRAV8-4,TRBV24-1,48.7,2.9,2048.8,0.621,nan
8PJG,E,E,TCR_BETA,T cell receptor beta constant 1,"(' ', 50, ' ')",50,A,A,MHC,"HLA class II histocompatibility antigen, DR alpha chain","(' ', 67, ' ')",67,2.713,F11,HLA-DRB1,6/19/24,PKYVKQNTLKLAR,TRAV8-4,TRBV24-1,48.7,2.9,2048.8,0.621,nan
8PJG,D,D,TCR_ALPHA,T cell receptor alpha chain constant,"(' ', 95, ' ')",95,C,C,PEPTIDE,Hemagglutinin HA2 chain,"(' ', 2, ' ')",2,2.875,F11,HLA-DRB1,6/19/24,PKYVKQNTLKLAR,TRAV8-4,TRBV24-1,48.7,2.9,2048.8,0.621,nan
8PJG,E,E,TCR_BETA,T cell receptor beta constant 1,"(' ', 53, ' ')",53,A,A,MHC,"HLA class II histocompatibility antigen, DR alpha chain","(' ', 39, ' ')",39,3.079,F11,HLA-DRB1,6/19/24,PKYVKQNTLKLAR,TRAV8-4,TRBV24-1,48.7,2.9,2048.8,0.621,nan
8PJG,E,E,TCR_BETA,T cell receptor beta constant 1,"(' ', 29, ' ')",29,C,C,PEPTIDE,Hemagglutinin HA2 chain,"(' ', 10, ' ')",10,3.308,F11,HLA-DRB1,6/19/24,PKYVKQNTLKLAR,TRAV8-4,TRBV24-1,48.7,2.9,2048.8,0.621,nan
8TRL,J,E,TCR_BETA,RA2.7 TCR beta chain,"(' ', 64, ' ')",64,A,A,MHC,"HLA class II histocompatibility antigen, DR alpha chain","(' ', 67, ' ')",67,3.257,RA2.7,HLA-DR4,7/31/24,EIFDSGNPTGEV,TRAV26-1,TRBV2,35.6,3.7,1898.4,0.69,nan
8TRQ,D,D,TCR_ALPHA,A07 TCR alpha chain,"(' ', 55, ' ')",55,B,B,MHC,"HLA class II histocompatibility antigen, DRB1 beta chain","(' ', 66, ' ')",66,3.416,A07,HLA-DR4,7/31/24,GVYATRSSAVRLR,TRAV6-6,TRBV19,32,8.7,nan,0.63,nan
8TRR,I,I,TCR_ALPHA,A03 TCR alpha chain,"(' ', 113, ' ')",113,F,F,MHC,"HLA class II histocompatibility antigen, DR alpha chain","(' ', 55, ' ')",55,2.699,A03,HLA-DR4,7/31/24,GVYATSSAVRL,TRAV6-6,TRBV13-3,38.8,9.5,2029.7,0.69,nan
8TRR,D,D,TCR_ALPHA,A03 TCR alpha chain,"(' ', 113, ' ')",113,A,A,MHC,"HLA class II histocompatibility antigen, DR alpha chain","(' ', 55, ' ')",55,2.827,A03,HLA-DR4,7/31/24,GVYATSSAVRL,TRAV6-6,TRBV13-3,38.8,9.5,2029.7,0.69,nan
8TRR,D,D,TCR_ALPHA,A03 TCR alpha chain,"(' ', 55, ' ')",55,B,B,MHC,"HLA class II histocompatibility antigen, DRB1 beta chain","(' ', 66, ' ')",66,2.893,A03,HLA-DR4,7/31/24,GVYATSSAVRL,TRAV6-6,TRBV13-3,38.8,9.5,2029.7,0.69,nan
8TRR,I,I,TCR_ALPHA,A03 TCR alpha chain,"(' ', 55, ' ')",55,G,G,MHC,"HLA class II histocompatibility antigen, DRB1 beta chain","(' ', 66, ' ')",66,2.972,A03,HLA-DR4,7/31/24,GVYATSSAVRL,TRAV6-6,TRBV13-3,38.8,9.5,2029.7,0.69,nan
8TRR,J,J,TCR_BETA,A03 TCR beta chain,"(' ', 67, ' ')",67,F,F,MHC,"HLA class II histocompatibility antigen, DR alpha chain","(' ', 39, ' ')",39,3.747,A03,HLA-DR4,7/31/24,GVYATSSAVRL,TRAV6-6,TRBV13-3,38.8,9.5,2029.7,0.69,nan
8VCX,E,B,TCR_ALPHA,"T-CELL-RECEPTOR, A2.13-beta chain","(' ', 111, ' ')",111,B,D,MHC,MHC class II HLA-DQ-beta-1,"(' ', 70, ' ')",70,2.734,A2.13,HLA-DQ8,8/7/24,GQVELGGGPGAESCQ,TRAV26-1,TRBV5-1,33,4.3,2198.8,0.63,nan
8VCX,D,A,TCR_ALPHA,"T-CELL-RECEPTOR, TCR A2.13 alpha","(' ', 58, ' ')",58,B,D,MHC,MHC class II HLA-DQ-beta-1,"(' ', 76, ' ')",76,3.515,A2.13,HLA-DQ8,8/7/24,GQVELGGGPGAESCQ,TRAV26-1,TRBV5-1,33,4.3,2198.8,0.63,nan
8VCY,E,E,TCR_BETA,"T-CELL-RECEPTOR, TCR A2.13 beta","(' ', 111, ' ')",111,B,B,MHC,MHC class II HLA-DQ-beta-1,"(' ', 70, ' ')",70,3.42,A2.13,HLA-DQ8,8/7/24,GQVELGGGSSPETCI,TRAV26-1,TRBV5-1,33.7,3.7,2126,0.74,nan
8VCY,D,D,TCR_ALPHA,"T-CELL-RECEPTOR, TCR A2.13 alpha","(' ', 58, ' ')",58,B,B,MHC,MHC class II HLA-DQ-beta-1,"(' ', 76, ' ')",76,3.622,A2.13,HLA-DQ8,8/7/24,GQVELGGGSSPETCI,TRAV26-1,TRBV5-1,33.7,3.7,2126,0.74,nan
8VD0,D,E,TCR_ALPHA,"T-CELL-RECEPTOR, TCR ET650-4 alpha","(' ', 58, ' ')",58,C,B,MHC,"Hybrid insulin peptide (HIP; InsC8-15-IAPP74-80),MHC class II HLA-DQ-beta-1 chimera","(' ', 94, ' ')",94,2.998,ET650-4,HLA-DQ8,8/7/24,GQVELGGGNAVEVCKG,TRAV26-1,TRBV5-1,43.4,12.9,nan,0.73,nan
8VD0,I,G,TCR_ALPHA,"T-CELL-RECEPTOR, TCR ET650-4 alpha","(' ', 58, ' ')",58,H,D,MHC,"Hybrid insulin peptide (HIP; InsC8-15-IAPP74-80),MHC class II HLA-DQ-beta-1 chimera","(' ', 94, ' ')",94,3.459,ET650-4,HLA-DQ8,8/7/24,GQVELGGGNAVEVCKG,TRAV26-1,TRBV5-1,43.4,12.9,nan,0.73,nan
8VD0,E,F,TCR_BETA,"T-CELL-RECEPTOR, TCR ET650-4 beta","(' ', 112, ' ')",112,C,B,MHC,"Hybrid insulin peptide (HIP; InsC8-15-IAPP74-80),MHC class II HLA-DQ-beta-1 chimera","(' ', 88, ' ')",88,3.912,ET650-4,HLA-DQ8,8/7/24,GQVELGGGNAVEVCKG,TRAV26-1,TRBV5-1,43.4,12.9,nan,0.73,nan
8VD2,D,D,TCR_ALPHA,"T-CELL-RECEPTOR, TCR ET650-4 alpha","(' ', 111, ' ')",111,A,A,MHC,MHC class II HLA-DQ-alpha chain,"(' ', 53, ' ')",53,2.887,ET650-4,HLA-DQ8,8/7/24,GQVELGGGTPIESC,TRAV26-1,TRBV5-1,40.3,5.2,2360.8,0.76,nan
8VD2,E,E,TCR_BETA,"T-CELL-RECEPTOR, TCR ET650-4 beta","(' ', 112, ' ')",112,B,B,MHC,MHC class II HLA-DQ-beta-1,"(' ', 70, ' ')",70,3.826,ET650-4,HLA-DQ8,8/7/24,GQVELGGGTPIESC,TRAV26-1,TRBV5-1,40.3,5.2,2360.8,0.76,nan
9EJG,E,D,TCR_BETA,G9 T cell receptor beta chain,"(' ', 66, ' ')",66,B,E,MHC,MHC class II HLA-DQ-beta-1,"(' ', 41, ' ')",41,2.684,G9,HLA-DQ2,3/26/25,QPFPQPEQPFP,TRAV12-1,TRBV5-1,147,118.9,nan,nan,nan
9EJG,E,D,TCR_BETA,G9 T cell receptor beta chain,"(' ', 66, ' ')",66,B,E,MHC,MHC class II HLA-DQ-beta-1,"(' ', 43, ' ')",43,2.88,G9,HLA-DQ2,3/26/25,QPFPQPEQPFP,TRAV12-1,TRBV5-1,147,118.9,nan,nan,nan
9EJG,D,C,TCR_ALPHA,G9 T cell receptor alpha chain,"(' ', 82, ' ')",82,B,E,MHC,MHC class II HLA-DQ-beta-1,"(' ', 59, ' ')",59,2.888,G9,HLA-DQ2,3/26/25,QPFPQPEQPFP,TRAV12-1,TRBV5-1,147,118.9,nan,nan,nan
9EJG,E,D,TCR_BETA,G9 T cell receptor beta chain,"(' ', 63, ' ')",63,B,E,MHC,MHC class II HLA-DQ-beta-1,"(' ', 23, ' ')",23,3.746,G9,HLA-DQ2,3/26/25,QPFPQPEQPFP,TRAV12-1,TRBV5-1,147,118.9,nan,nan,nan
9EJH,E,E,TCR_BETA,G9 T cell receptor beta chain,"(' ', 66, ' ')",66,B,B,MHC,MHC class II HLA-DQ-beta-1,"(' ', 41, ' ')",41,2.517,G9,HLA-DQ2,3/26/25,ATPLLMQALPMGA,TRAV12-1,TRBV5-1,146.7,118.7,nan,nan,nan
9EJH,E,E,TCR_BETA,G9 T cell receptor beta chain,"(' ', 66, ' ')",66,B,B,MHC,MHC class II HLA-DQ-beta-1,"(' ', 43, ' ')",43,2.838,G9,HLA-DQ2,3/26/25,ATPLLMQALPMGA,TRAV12-1,TRBV5-1,146.7,118.7,nan,nan,nan
9EJH,D,D,TCR_ALPHA,G9 T cell receptor alpha chain,"(' ', 82, ' ')",82,B,B,MHC,MHC class II HLA-DQ-beta-1,"(' ', 59, ' ')",59,3.283,G9,HLA-DQ2,3/26/25,ATPLLMQALPMGA,TRAV12-1,TRBV5-1,146.7,118.7,nan,nan,nan
9EJH,E,E,TCR_BETA,G9 T cell receptor beta chain,"(' ', 63, ' ')",63,B,B,MHC,MHC class II HLA-DQ-beta-1,"(' ', 23, ' ')",23,3.94,G9,HLA-DQ2,3/26/25,ATPLLMQALPMGA,TRAV12-1,TRBV5-1,146.7,118.7,nan,nan,nan
9EJI,E,E,TCR_BETA,G9 T cell receptor beta chain,"(' ', 66, ' ')",66,B,B,MHC,HLA class II histocompatibility antigen DQ beta chain,"(' ', 41, ' ')",41,2.582,G9,HLA-DQ2,3/26/25,QPPASEQEQPVLP,TRAV12-1,TRBV5-1,153.3,123.8,1347.8,0.72,nan
9EJI,D,D,TCR_ALPHA,G9 T cell receptor alpha chain,"(' ', 82, ' ')",82,B,B,MHC,HLA class II histocompatibility antigen DQ beta chain,"(' ', 59, ' ')",59,3.207,G9,HLA-DQ2,3/26/25,QPPASEQEQPVLP,TRAV12-1,TRBV5-1,153.3,123.8,1347.8,0.72,nan
9EJI,E,E,TCR_BETA,G9 T cell receptor beta chain,"(' ', 66, ' ')",66,B,B,MHC,HLA class II histocompatibility antigen DQ beta chain,"(' ', 43, ' ')",43,3.24,G9,HLA-DQ2,3/26/25,QPPASEQEQPVLP,TRAV12-1,TRBV5-1,153.3,123.8,1347.8,0.72,nan
9NIG,J,M,TCR_ALPHA,PB TCR alpha chain,"(' ', 58, ' ')",58,I,L,MHC,HLA class II histocompatibility antigen DR beta chain,"(' ', 69, ' ')",69,3.128,PB,HLA-DR4,5/21/25,DRYRLNYSLPTGKK,TRAV35,TRBV10-2,50,9.8,1797.7,0.73,nan
9NIG,M,C,TCR_ALPHA,PB TCR alpha chain,"(' ', 58, ' ')",58,B,B,MHC,HLA class II histocompatibility antigen DR beta chain,"(' ', 69, ' ')",69,3.407,PB,HLA-DR4,5/21/25,DRYRLNYSLPTGKK,TRAV35,TRBV10-2,50,9.8,1797.7,0.73,nan
9NIG,E,H,TCR_ALPHA,PB TCR alpha chain,"(' ', 58, ' ')",58,D,G,MHC,HLA class II histocompatibility antigen DR beta chain,"(' ', 69, ' ')",69,3.989,PB,HLA-DR4,5/21/25,DRYRLNYSLPTGKK,TRAV35,TRBV10-2,50,9.8,1797.7,0.73,nan