pdb_id,tcr_chain,tcr_chain_asym,tcr_chain_label,tcr_chain_description,tcr_resid,tcr_resseq,peptide_chain,peptide_chain_asym,peptide_chain_label,peptide_chain_description,peptide_resid,peptide_resseq,min_distance,TCR Name,MHC Name,Release date,Epitope,TRAV gene,TRBV gene,Docking angle,Incident angle,Buried surface area,Shape complementarity,Kd
1FYT,E,E,TCR_BETA,T-CELL RECEPTOR BETA CHAIN,"(' ', 30, ' ')",30,C,C,PEPTIDE,HEMAGGLUTININ HA1 PEPTIDE CHAIN,"(' ', 315, ' ')",315,2.663,HA1.7,HLA-DR1,11/8/00,PKYVKQNTLKLAT,TRAV8-4,TRBV28,47.2,2.8,2086.4,0.56,50
1FYT,D,D,TCR_ALPHA,T-CELL RECEPTOR ALPHA CHAIN,"(' ', 94, ' ')",94,C,C,PEPTIDE,HEMAGGLUTININ HA1 PEPTIDE CHAIN,"(' ', 307, ' ')",307,2.827,HA1.7,HLA-DR1,11/8/00,PKYVKQNTLKLAT,TRAV8-4,TRBV28,47.2,2.8,2086.4,0.56,50
1FYT,E,E,TCR_BETA,T-CELL RECEPTOR BETA CHAIN,"(' ', 28, ' ')",28,C,C,PEPTIDE,HEMAGGLUTININ HA1 PEPTIDE CHAIN,"(' ', 315, ' ')",315,3.069,HA1.7,HLA-DR1,11/8/00,PKYVKQNTLKLAT,TRAV8-4,TRBV28,47.2,2.8,2086.4,0.56,50
1FYT,D,D,TCR_ALPHA,T-CELL RECEPTOR ALPHA CHAIN,"(' ', 102, ' ')",102,C,C,PEPTIDE,HEMAGGLUTININ HA1 PEPTIDE CHAIN,"(' ', 310, ' ')",310,3.208,HA1.7,HLA-DR1,11/8/00,PKYVKQNTLKLAT,TRAV8-4,TRBV28,47.2,2.8,2086.4,0.56,50
1J8H,E,E,TCR_BETA,T-CELL RECEPTOR BETA CHAIN,"(' ', 30, ' ')",30,C,C,PEPTIDE,HEMAGGLUTININ HA1 PEPTIDE CHAIN,"(' ', 315, ' ')",315,2.565,HA1.7,HLA-DR4,3/13/02,PKYVKQNTLKLAT,TRAV8-4,TRBV28,48.9,1,2111.4,0.56,43
1J8H,D,D,TCR_ALPHA,T-CELL RECEPTOR ALPHA CHAIN,"(' ', 102, ' ')",102,C,C,PEPTIDE,HEMAGGLUTININ HA1 PEPTIDE CHAIN,"(' ', 310, ' ')",310,2.636,HA1.7,HLA-DR4,3/13/02,PKYVKQNTLKLAT,TRAV8-4,TRBV28,48.9,1,2111.4,0.56,43
1J8H,E,E,TCR_BETA,T-CELL RECEPTOR BETA CHAIN,"(' ', 28, ' ')",28,C,C,PEPTIDE,HEMAGGLUTININ HA1 PEPTIDE CHAIN,"(' ', 315, ' ')",315,3.096,HA1.7,HLA-DR4,3/13/02,PKYVKQNTLKLAT,TRAV8-4,TRBV28,48.9,1,2111.4,0.56,43
1J8H,D,D,TCR_ALPHA,T-CELL RECEPTOR ALPHA CHAIN,"(' ', 94, ' ')",94,C,C,PEPTIDE,HEMAGGLUTININ HA1 PEPTIDE CHAIN,"(' ', 307, ' ')",307,3.23,HA1.7,HLA-DR4,3/13/02,PKYVKQNTLKLAT,TRAV8-4,TRBV28,48.9,1,2111.4,0.56,43
5KSB,H,H,TCR_BETA,T15 TCR beta TRBV9*01,"(' ', 109, ' ')",109,J,J,PEPTIDE,DQ8.5-glia-gamma1 peptide,"(' ', 7, ' ')",7,3.065,T15,HLA-DQ8.5,9/21/16,GPQQSFPEQEA,TRAV20,TRBV9,33.8,11.8,2033.5,0.72,2
5KSB,F,F,TCR_BETA,T15 TCR beta TRBV9*01,"(' ', 109, ' ')",109,I,I,PEPTIDE,DQ8.5-glia-gamma1 peptide,"(' ', 7, ' ')",7,3.273,T15,HLA-DQ8.5,9/21/16,GPQQSFPEQEA,TRAV20,TRBV9,33.8,11.8,2033.5,0.72,2
6V0Y,E,E,TCR_BETA,M141 TCR beta chain,"(' ', 109, ' ')",109,C,C,PEPTIDE,"Fibrinogen beta 72,74cit69-81","(' ', 77, ' ')",77,3.934,M141,HLA-DR4,11/25/20,GGYPAKAAAT,TRAV6D-6,TRBV4,24,16.7,2008.1,0.63,18.6
7T2B,J,P,TCR_BETA,"T cell receptor, 5F, beta chain","(' ', 37, ' ')",37,H,F,PEPTIDE,Pneumolysin-derived peptide,"(' ', 7, ' ')",7,2.948,5F,HLA-DP4,12/28/22,ATGLAWEWWRTVYE,TRAV17,TRBV6-2,36.9,6.5,1912.9,0.49,15.54
7T2B,E,N,TCR_BETA,"T cell receptor, 5F, beta chain","(' ', 37, ' ')",37,C,C,PEPTIDE,Pneumolysin-derived peptide,"(' ', 7, ' ')",7,3.132,5F,HLA-DP4,12/28/22,ATGLAWEWWRTVYE,TRAV17,TRBV6-2,36.9,6.5,1912.9,0.49,15.54
7T2B,O,R,TCR_BETA,"T cell receptor, 5F, beta chain","(' ', 37, ' ')",37,M,I,PEPTIDE,Pneumolysin-derived peptide,"(' ', 7, ' ')",7,3.204,5F,HLA-DP4,12/28/22,ATGLAWEWWRTVYE,TRAV17,TRBV6-2,36.9,6.5,1912.9,0.49,15.54
7T2B,T,T,TCR_BETA,"T cell receptor, 5F, beta chain","(' ', 37, ' ')",37,R,L,PEPTIDE,Pneumolysin-derived peptide,"(' ', 7, ' ')",7,3.484,5F,HLA-DP4,12/28/22,ATGLAWEWWRTVYE,TRAV17,TRBV6-2,36.9,6.5,1912.9,0.49,15.54
7T2D,T,T,TCR_BETA,"T cell receptor, B1, beta chain","(' ', 112, ' ')",112,R,R,PEPTIDE,Pneumolysin-derived peptide,"(' ', 7, ' ')",7,3.14,B1,HLA-DP4,12/28/22,ATGLAWEWWRTVYE,TRAV19,TRBV7-3,54.5,12.5,1798.4,0.57,14.93
7T2D,O,O,TCR_BETA,"T cell receptor, B1, beta chain","(' ', 112, ' ')",112,M,M,PEPTIDE,Pneumolysin-derived peptide,"(' ', 7, ' ')",7,3.333,B1,HLA-DP4,12/28/22,ATGLAWEWWRTVYE,TRAV19,TRBV7-3,54.5,12.5,1798.4,0.57,14.93
7T2D,E,H,TCR_BETA,"T cell receptor, B1, beta chain","(' ', 112, ' ')",112,C,C,PEPTIDE,Pneumolysin-derived peptide,"(' ', 7, ' ')",7,3.45,B1,HLA-DP4,12/28/22,ATGLAWEWWRTVYE,TRAV19,TRBV7-3,54.5,12.5,1798.4,0.57,14.93
8PJG,D,D,TCR_ALPHA,T cell receptor alpha chain constant,"(' ', 98, ' ')",98,C,C,PEPTIDE,Hemagglutinin HA2 chain,"(' ', 5, ' ')",5,2.619,F11,HLA-DRB1,6/19/24,PKYVKQNTLKLAR,TRAV8-4,TRBV24-1,48.7,2.9,2048.8,0.621,nan
8PJG,D,D,TCR_ALPHA,T cell receptor alpha chain constant,"(' ', 95, ' ')",95,C,C,PEPTIDE,Hemagglutinin HA2 chain,"(' ', 2, ' ')",2,2.875,F11,HLA-DRB1,6/19/24,PKYVKQNTLKLAR,TRAV8-4,TRBV24-1,48.7,2.9,2048.8,0.621,nan
8PJG,E,E,TCR_BETA,T cell receptor beta constant 1,"(' ', 29, ' ')",29,C,C,PEPTIDE,Hemagglutinin HA2 chain,"(' ', 10, ' ')",10,3.308,F11,HLA-DRB1,6/19/24,PKYVKQNTLKLAR,TRAV8-4,TRBV24-1,48.7,2.9,2048.8,0.621,nan