pdb_id	tcr_chain	tcr_resid	peptide_chain	peptide_resid	min_distance
1FYT	E	(' ', 30, ' ')	C	(' ', 315, ' ')	2.663
1FYT	D	(' ', 94, ' ')	C	(' ', 307, ' ')	2.827
1FYT	E	(' ', 28, ' ')	C	(' ', 315, ' ')	3.069
1FYT	D	(' ', 102, ' ')	C	(' ', 310, ' ')	3.208
1J8H	E	(' ', 30, ' ')	C	(' ', 315, ' ')	2.565
1J8H	D	(' ', 102, ' ')	C	(' ', 310, ' ')	2.636
1J8H	E	(' ', 28, ' ')	C	(' ', 315, ' ')	3.096
1J8H	D	(' ', 94, ' ')	C	(' ', 307, ' ')	3.230
5KSB	H	(' ', 109, ' ')	J	(' ', 7, ' ')	3.065
5KSB	F	(' ', 109, ' ')	I	(' ', 7, ' ')	3.273
6V0Y	E	(' ', 109, ' ')	C	(' ', 77, ' ')	3.934
7T2B	J	(' ', 37, ' ')	H	(' ', 7, ' ')	2.948
7T2B	E	(' ', 37, ' ')	C	(' ', 7, ' ')	3.132
7T2B	O	(' ', 37, ' ')	M	(' ', 7, ' ')	3.204
7T2B	T	(' ', 37, ' ')	R	(' ', 7, ' ')	3.484
7T2D	T	(' ', 112, ' ')	R	(' ', 7, ' ')	3.140
7T2D	O	(' ', 112, ' ')	M	(' ', 7, ' ')	3.333
7T2D	E	(' ', 112, ' ')	C	(' ', 7, ' ')	3.450
8PJG	D	(' ', 98, ' ')	C	(' ', 5, ' ')	2.619
8PJG	D	(' ', 95, ' ')	C	(' ', 2, ' ')	2.875
8PJG	E	(' ', 29, ' ')	C	(' ', 10, ' ')	3.308
