pdb_id	tcr_chain	tcr_resid	pmhc_chain	pmhc_resid	min_distance
1FYT	E	(' ', 30, ' ')	C	(' ', 315, ' ')	2.663
1FYT	E	(' ', 51, ' ')	A	(' ', 67, ' ')	2.675
1FYT	D	(' ', 94, ' ')	C	(' ', 307, ' ')	2.827
1FYT	E	(' ', 28, ' ')	C	(' ', 315, ' ')	3.069
1FYT	D	(' ', 102, ' ')	C	(' ', 310, ' ')	3.208
1FYT	E	(' ', 56, ' ')	A	(' ', 39, ' ')	3.223
1J8H	E	(' ', 56, ' ')	A	(' ', 39, ' ')	2.317
1J8H	E	(' ', 51, ' ')	A	(' ', 67, ' ')	2.538
1J8H	E	(' ', 30, ' ')	C	(' ', 315, ' ')	2.565
1J8H	D	(' ', 102, ' ')	C	(' ', 310, ' ')	2.636
1J8H	E	(' ', 28, ' ')	C	(' ', 315, ' ')	3.096
1J8H	D	(' ', 94, ' ')	C	(' ', 307, ' ')	3.230
1YMM	D	(' ', 50, ' ')	B	(' ', 69, ' ')	2.725
1ZGL	T	(' ', 99, ' ')	H	(' ', 66, ' ')	2.451
1ZGL	M	(' ', 41, ' ')	K	(' ', 55, ' ')	2.475
1ZGL	P	(' ', 99, ' ')	B	(' ', 66, ' ')	2.569
1ZGL	R	(' ', 99, ' ')	E	(' ', 66, ' ')	2.585
1ZGL	T	(' ', 99, ' ')	H	(' ', 70, ' ')	2.829
1ZGL	S	(' ', 41, ' ')	E	(' ', 55, ' ')	3.229
1ZGL	P	(' ', 225, ' ')	D	(' ', 38, ' ')	3.232
1ZGL	Q	(' ', 41, ' ')	H	(' ', 55, ' ')	3.318
1ZGL	V	(' ', 99, ' ')	K	(' ', 70, ' ')	3.480
1ZGL	U	(' ', 41, ' ')	B	(' ', 55, ' ')	3.503
1ZGL	V	(' ', 212, ' ')	H	(' ', 2, ' ')	3.713
2IAM	C	(' ', 53, ' ')	B	(' ', 69, ' ')	2.771
2IAN	N	(' ', 53, ' ')	L	(' ', 69, ' ')	2.609
2IAN	S	(' ', 164, ' ')	B	(' ', 39, ' ')	2.616
2IAN	I	(' ', 164, ' ')	L	(' ', 39, ' ')	2.743
2IAN	S	(' ', 53, ' ')	Q	(' ', 69, ' ')	2.787
2IAN	N	(' ', 164, ' ')	G	(' ', 39, ' ')	2.790
2IAN	D	(' ', 53, ' ')	B	(' ', 69, ' ')	2.946
2IAN	N	(' ', 164, ' ')	G	(' ', 25, ' ')	3.477
2IAN	I	(' ', 53, ' ')	G	(' ', 69, ' ')	3.605
2IAN	D	(' ', 164, ' ')	Q	(' ', 25, ' ')	3.956
2IAN	D	(' ', 164, ' ')	Q	(' ', 39, ' ')	3.990
3O6F	D	(' ', 50, ' ')	A	(' ', 67, ' ')	2.646
3O6F	H	(' ', 50, ' ')	E	(' ', 67, ' ')	2.806
3O6F	G	(' ', 96, ' ')	E	(' ', 55, ' ')	3.983
3PL6	C	(' ', 98, ' ')	A	(' ', 61, ' ')	2.767
3PL6	D	(' ', 17, ' ')	B	(' ', 59, ' ')	3.782
3T0E	D	(' ', 50, ' ')	A	(' ', 67, ' ')	3.770
4GRL	C	(' ', 98, ' ')	A	(' ', 61, ' ')	2.920
4GRL	D	(' ', 82, ' ')	A	(' ', 39, ' ')	3.902
4OZF	H	(' ', 114, ' ')	B	(' ', 70, ' ')	3.733
4OZG	F	(' ', 114, ' ')	D	(' ', 70, ' ')	3.280
4OZG	H	(' ', 114, ' ')	B	(' ', 70, ' ')	3.833
4OZH	H	(' ', 114, ' ')	B	(' ', 70, ' ')	3.760
4P4K	D	(' ', 100, ' ')	B	(' ', 75, ' ')	2.727
4P4K	H	(' ', 100, ' ')	F	(' ', 75, ' ')	2.910
4Y19	E	(' ', 92, ' ')	B	(' ', 65, ' ')	2.810
4Y19	E	(' ', 84, ' ')	A	(' ', 55, ' ')	3.584
4Y1A	E	(' ', 84, ' ')	A	(' ', 55, ' ')	3.348
4Z7U	F	(' ', 64, ' ')	C	(' ', 67, ' ')	2.795
4Z7U	H	(' ', 64, ' ')	A	(' ', 67, ' ')	2.836
4Z7V	H	(' ', 113, ' ')	B	(' ', 70, ' ')	2.754
4Z7V	F	(' ', 113, ' ')	D	(' ', 70, ' ')	2.777
4Z7V	E	(' ', 167, ' ')	A	(' ', 49, ' ')	2.806
4Z7V	E	(' ', 169, ' ')	A	(' ', 49, ' ')	3.400
4Z7V	G	(' ', 212, ' ')	C	(' ', 50, ' ')	3.556
4Z7W	E	(' ', 55, ' ')	D	(' ', 66, ' ')	2.820
4Z7W	H	(' ', 108, ' ')	B	(' ', 70, ' ')	2.850
4Z7W	F	(' ', 108, ' ')	D	(' ', 70, ' ')	2.924
4Z7W	F	(' ', 85, ' ')	B	(' ', 5, ' ')	3.051
4Z7W	G	(' ', 55, ' ')	B	(' ', 66, ' ')	3.156
4Z7W	H	(' ', 85, ' ')	D	(' ', 5, ' ')	3.272
4Z7W	E	(' ', 55, ' ')	D	(' ', 69, ' ')	3.307
4Z7W	G	(' ', 55, ' ')	B	(' ', 69, ' ')	3.500
4Z7W	F	(' ', 63, ' ')	C	(' ', 67, ' ')	3.704
4Z7W	H	(' ', 63, ' ')	A	(' ', 67, ' ')	3.739
5KS9	G	(' ', 66, ' ')	B	(' ', 69, ' ')	2.811
5KS9	E	(' ', 66, ' ')	D	(' ', 69, ' ')	3.148
5KS9	H	(' ', 64, ' ')	A	(' ', 67, ' ')	3.890
5KSA	C	(' ', 66, ' ')	B	(' ', 69, ' ')	2.714
5KSA	C	(' ', 37, ' ')	B	(' ', 74, ' ')	3.184
5KSA	C	(' ', 66, ' ')	B	(' ', 66, ' ')	3.396
5KSB	E	(' ', 37, ' ')	D	(' ', 74, ' ')	2.817
5KSB	F	(' ', 177, ' ')	B	(' ', 76, ' ')	2.832
5KSB	H	(' ', 109, ' ')	J	(' ', 7, ' ')	3.065
5KSB	F	(' ', 114, ' ')	D	(' ', 70, ' ')	3.068
5KSB	H	(' ', 114, ' ')	B	(' ', 70, ' ')	3.115
5KSB	G	(' ', 37, ' ')	B	(' ', 74, ' ')	3.139
5KSB	E	(' ', 66, ' ')	D	(' ', 69, ' ')	3.156
5KSB	F	(' ', 109, ' ')	I	(' ', 7, ' ')	3.273
5KSB	G	(' ', 66, ' ')	B	(' ', 69, ' ')	3.299
5KSB	H	(' ', 177, ' ')	D	(' ', 76, ' ')	3.356
5KSB	H	(' ', 232, ' ')	D	(' ', 48, ' ')	3.656
5KSB	H	(' ', 232, ' ')	D	(' ', 39, ' ')	3.705
5KSB	H	(' ', 26, ' ')	B	(' ', 66, ' ')	3.832
5KSB	F	(' ', 232, ' ')	B	(' ', 39, ' ')	3.848
6CQQ	J	(' ', 108, ' ')	G	(' ', 66, ' ')	2.951
6CQQ	E	(' ', 108, ' ')	B	(' ', 66, ' ')	2.971
6CQQ	J	(' ', 242, ' ')	A	(' ', 126, ' ')	3.588
6CQR	J	(' ', 60, ' ')	F	(' ', 67, ' ')	2.835
6CQR	E	(' ', 60, ' ')	A	(' ', 67, ' ')	3.066
6CQR	J	(' ', 82, ' ')	A	(' ', 164, ' ')	3.535
6DFX	G	(' ', 68, ' ')	E	(' ', 169, ' ')	2.340
6DFX	J	(' ', 30, ' ')	E	(' ', -18, ' ')	2.880
6DFX	H	(' ', 30, ' ')	B	(' ', -18, ' ')	2.921
6DFX	I	(' ', 49, ' ')	E	(' ', 69, ' ')	3.050
6DFX	G	(' ', 53, ' ')	E	(' ', 135, ' ')	3.119
6PX6	E	(' ', 101, ' ')	B	(' ', 70, ' ')	3.066
6PY2	D	(' ', 49, ' ')	B	(' ', 69, ' ')	2.775
6PY2	D	(' ', 98, ' ')	B	(' ', 70, ' ')	3.032
6PY2	D	(' ', 49, ' ')	B	(' ', 66, ' ')	3.160
6U3N	D	(' ', 55, ' ')	B	(' ', 69, ' ')	2.567
6U3O	H	(' ', 114, ' ')	F	(' ', 70, ' ')	3.636
6U3O	B	(' ', 114, ' ')	D	(' ', 70, ' ')	3.796
6V0Y	E	(' ', 109, ' ')	C	(' ', 77, ' ')	3.934
6XC9	J	(' ', 116, ' ')	H	(' ', 84, ' ')	2.744
6XC9	E	(' ', 116, ' ')	C	(' ', 84, ' ')	2.876
6XCO	D	(' ', 66, ' ')	B	(' ', 111, ' ')	2.904
6XCO	E	(' ', 111, ' ')	B	(' ', 112, ' ')	2.934
6XCP	E	(' ', 111, ' ')	C	(' ', 97, ' ')	2.738
7SG0	E	(' ', 113, ' ')	B	(' ', 70, ' ')	3.081
7SG0	D	(' ', 55, ' ')	B	(' ', 66, ' ')	3.519
7SG1	J	(' ', 112, ' ')	G	(' ', 77, ' ')	2.468
7SG1	E	(' ', 112, ' ')	B	(' ', 77, ' ')	2.503
7SG1	E	(' ', 112, ' ')	B	(' ', 70, ' ')	2.874
7SG1	J	(' ', 112, ' ')	G	(' ', 70, ' ')	2.935
7SG2	J	(' ', 112, ' ')	G	(' ', 77, ' ')	3.135
7SG2	D	(' ', 114, ' ')	A	(' ', 55, ' ')	3.226
7SG2	I	(' ', 114, ' ')	F	(' ', 55, ' ')	3.357
7SG2	E	(' ', 112, ' ')	B	(' ', 77, ' ')	3.437
7SG2	E	(' ', 112, ' ')	B	(' ', 70, ' ')	3.485
7SG2	J	(' ', 112, ' ')	G	(' ', 70, ' ')	3.511
7T2B	J	(' ', 37, ' ')	H	(' ', 7, ' ')	2.948
7T2B	N	(' ', 57, ' ')	L	(' ', 69, ' ')	3.084
7T2B	E	(' ', 37, ' ')	C	(' ', 7, ' ')	3.132
7T2B	O	(' ', 37, ' ')	M	(' ', 7, ' ')	3.204
7T2B	I	(' ', 57, ' ')	G	(' ', 69, ' ')	3.319
7T2B	T	(' ', 37, ' ')	R	(' ', 7, ' ')	3.484
7T2C	D	(' ', 58, ' ')	B	(' ', 76, ' ')	3.016
7T2D	J	(' ', 111, ' ')	G	(' ', 66, ' ')	2.459
7T2D	T	(' ', 111, ' ')	Q	(' ', 66, ' ')	2.461
7T2D	O	(' ', 111, ' ')	L	(' ', 66, ' ')	2.481
7T2D	D	(' ', 55, ' ')	B	(' ', 66, ' ')	2.613
7T2D	S	(' ', 114, ' ')	Q	(' ', 70, ' ')	2.626
7T2D	E	(' ', 111, ' ')	B	(' ', 66, ' ')	2.635
7T2D	I	(' ', 114, ' ')	G	(' ', 70, ' ')	2.945
7T2D	N	(' ', 114, ' ')	L	(' ', 70, ' ')	3.013
7T2D	N	(' ', 55, ' ')	L	(' ', 66, ' ')	3.071
7T2D	T	(' ', 112, ' ')	R	(' ', 7, ' ')	3.140
7T2D	D	(' ', 114, ' ')	B	(' ', 70, ' ')	3.159
7T2D	I	(' ', 55, ' ')	G	(' ', 66, ' ')	3.180
7T2D	O	(' ', 112, ' ')	M	(' ', 7, ' ')	3.333
7T2D	E	(' ', 112, ' ')	C	(' ', 7, ' ')	3.450
7T2D	S	(' ', 55, ' ')	Q	(' ', 66, ' ')	3.808
8PJG	D	(' ', 98, ' ')	C	(' ', 5, ' ')	2.619
8PJG	D	(' ', 99, ' ')	A	(' ', 55, ' ')	2.699
8PJG	E	(' ', 50, ' ')	A	(' ', 67, ' ')	2.713
8PJG	D	(' ', 95, ' ')	C	(' ', 2, ' ')	2.875
8PJG	E	(' ', 53, ' ')	A	(' ', 39, ' ')	3.079
8PJG	E	(' ', 29, ' ')	C	(' ', 10, ' ')	3.308
8TRL	J	(' ', 64, ' ')	A	(' ', 67, ' ')	3.257
8TRQ	D	(' ', 55, ' ')	B	(' ', 66, ' ')	3.416
8TRR	I	(' ', 113, ' ')	F	(' ', 55, ' ')	2.699
8TRR	D	(' ', 113, ' ')	A	(' ', 55, ' ')	2.827
8TRR	D	(' ', 55, ' ')	B	(' ', 66, ' ')	2.893
8TRR	I	(' ', 55, ' ')	G	(' ', 66, ' ')	2.972
8TRR	J	(' ', 67, ' ')	F	(' ', 39, ' ')	3.747
8VCX	E	(' ', 111, ' ')	B	(' ', 70, ' ')	2.734
8VCX	D	(' ', 58, ' ')	B	(' ', 76, ' ')	3.515
8VCY	E	(' ', 111, ' ')	B	(' ', 70, ' ')	3.420
8VCY	D	(' ', 58, ' ')	B	(' ', 76, ' ')	3.622
8VD0	D	(' ', 58, ' ')	C	(' ', 94, ' ')	2.998
8VD0	I	(' ', 58, ' ')	H	(' ', 94, ' ')	3.459
8VD0	E	(' ', 112, ' ')	C	(' ', 88, ' ')	3.912
8VD2	D	(' ', 111, ' ')	A	(' ', 53, ' ')	2.887
8VD2	E	(' ', 112, ' ')	B	(' ', 70, ' ')	3.826
9EJG	E	(' ', 66, ' ')	B	(' ', 41, ' ')	2.684
9EJG	E	(' ', 66, ' ')	B	(' ', 43, ' ')	2.880
9EJG	D	(' ', 82, ' ')	B	(' ', 59, ' ')	2.888
9EJG	E	(' ', 63, ' ')	B	(' ', 23, ' ')	3.746
9EJH	E	(' ', 66, ' ')	B	(' ', 41, ' ')	2.517
9EJH	E	(' ', 66, ' ')	B	(' ', 43, ' ')	2.838
9EJH	D	(' ', 82, ' ')	B	(' ', 59, ' ')	3.283
9EJH	E	(' ', 63, ' ')	B	(' ', 23, ' ')	3.940
9EJI	E	(' ', 66, ' ')	B	(' ', 41, ' ')	2.582
9EJI	D	(' ', 82, ' ')	B	(' ', 59, ' ')	3.207
9EJI	E	(' ', 66, ' ')	B	(' ', 43, ' ')	3.240
9NIG	J	(' ', 58, ' ')	I	(' ', 69, ' ')	3.128
9NIG	M	(' ', 58, ' ')	B	(' ', 69, ' ')	3.407
9NIG	E	(' ', 58, ' ')	D	(' ', 69, ' ')	3.989
